Matricule,Nom,Prénom,Genre,Date_de_recrutement,Date_de_départ,Raison_du_départ,Service,Poste_occupé
1,Hall,Tanya,Homme,11/10/2022,13/10/2022,Démission,RH,Responsable GPEC GEPP
2,Bennett,Albert,Femme,07/07/2022,18/08/2022,Résiliation,Ventes,Gestionnaire CRM
3,Mccoy,Erin,Homme,09/09/2022,13/10/2022,Retraite,Finance,Contrôleur de gestion
4,Ferguson,Alexis,Homme,07/07/2022,27/08/2022,Retraite,RH,Assistant RH
5,Francis,Charles,Femme,07/01/2022,21/03/2022,Démission,Ventes,Animateur SAV
6,Oconnor,William,Homme,19/01/2022,27/07/2022,Retraite,RH,Responsable GPEC GEPP
7,Cole,Jennifer,Femme,31/10/2022,06/12/2022,Démission,RH,Contrôleur de gestion sociale
8,Hill,Kelly,Femme,24/04/2022,24/12/2022,Mise à pied,Informatique,Data engineer
9,Mendez,Matthew,Femme,13/01/2022,20/05/2022,Démission,Ventes,Responsable commercial
10,Conley,Kurt,Femme,06/04/2022,22/04/2022,Mise à pied,Informatique,Administrateur réseaux
11,Bowers,Emily,Femme,12/06/2022,31/07/2022,Démission,Finance,Contrôleur de gestion
12,Pearson,Jennifer,Femme,18/04/2022,14/05/2022,Retraite,RH,Responsable SIRH
13,Roberts,Cody,Homme,02/02/2022,02/08/2022,Mise à pied,RH,Contrôleur de gestion sociale
14,Morgan,Anita,Homme,31/05/2022,14/12/2022,Démission,Ventes,Gestionnaire CRM
15,Rivas,Brian,Femme,24/02/2022,06/03/2022,Mise à pied,Ventes,Assistant commercial
16,Ramos,Mark,Femme,22/07/2022,29/12/2022,Résiliation,Informatique,Responsable sécurité informatique
17,Thompson,Dean,Femme,23/08/2022,30/12/2022,Retraite,Finance,Comptable
18,Boyd,Deborah,Femme,25/10/2022,26/11/2022,Mise à pied,RH,Responsable SIRH
19,Carter,Kristin,Homme,23/09/2022,22/10/2022,Résiliation,Ventes,Animateur SAV
20,Hill,Brian,Homme,07/04/2022,09/07/2022,Résiliation,Marketing,Responsable marketing
21,Blackwell,Nicole,Femme,10/03/2022,12/09/2022,Démission,Informatique,Data engineer
22,Ramirez,Deborah,Homme,25/03/2022,06/05/2022,Mise à pied,Ventes,Gestionnaire CRM
23,Cochran,Timothy,Femme,30/03/2022,07/07/2022,Mise à pied,Finance,Contrôleur de gestion
24,Johnson,Debbie,Homme,13/08/2022,29/10/2022,Retraite,Ventes,Gestionnaire CRM
25,Church,Trevor,Homme,03/11/2022,13/11/2022,Mise à pied,Informatique,Data engineer
26,Mcbride,Brenda,Femme,20/11/2022,27/12/2022,Mise à pied,RH,Gestionnaire paie
27,Snow,Alexis,Homme,08/03/2022,13/07/2022,Résiliation,Ventes,Animateur SAV
28,Garcia,Jonathan,Femme,15/02/2022,26/07/2022,Retraite,Marketing,Category manager
29,Hurst,Matthew,Homme,04/04/2022,19/04/2022,Retraite,RH,Responsable GPEC GEPP
30,Miller,Kenneth,Femme,28/11/2022,16/12/2022,Résiliation,Finance,Auditeur interne
31,Stephens,Nicholas,Homme,17/12/2022,19/12/2022,Résiliation,Informatique,Administrateur système
32,Miller,Christina,Femme,22/10/2022,21/11/2022,Retraite,Informatique,Administrateur réseaux
33,Kane,Kathryn,Homme,20/11/2022,02/12/2022,Démission,Marketing,Assistant marketing
34,Richmond,Kathleen,Homme,21/07/2022,26/12/2022,Retraite,Ventes,Animateur SAV
35,Williams,Krista,Femme,20/06/2022,10/08/2022,Résiliation,Informatique,Administrateur système
36,Leonard,Gabrielle,Homme,03/02/2022,20/04/2022,Mise à pied,RH,Assistant RH
37,Stewart,Jason,Femme,09/01/2022,29/12/2022,Résiliation,RH,Contrôleur de gestion sociale
38,Matthews,Hannah,Homme,02/02/2022,11/12/2022,Résiliation,Informatique,Webmaster
39,Shepherd,Adam,Femme,07/06/2022,24/12/2022,Retraite,Marketing,Chef de projet marketing
40,Bryan,Kendra,Femme,03/10/2022,15/11/2022,Démission,Ventes,Chargé d’affaires
41,Bray,Lisa,Homme,07/04/2022,16/10/2022,Résiliation,RH,Assistant RH
42,Pierce,Paige,Femme,07/07/2022,16/11/2022,Retraite,RH,Contrôleur de gestion sociale
43,Rubio,Randy,Homme,04/09/2022,15/12/2022,Démission,Finance,Auditeur interne
44,Patterson,Suzanne,Femme,12/09/2022,11/11/2022,Démission,Marketing,Responsable marketing
45,Henson,Brenda,Femme,25/03/2022,12/12/2022,Retraite,Marketing,Category manager
46,Smith,Lawrence,Homme,11/06/2022,19/11/2022,Résiliation,Ventes,Animateur SAV
47,Koch,Joseph,Homme,01/10/2022,28/12/2022,Retraite,Ventes,Chargé d’affaires
48,Mills,John,Homme,17/10/2022,21/10/2022,Démission,Finance,Analyste financier
49,Hardy,Jason,Homme,13/12/2022,19/12/2022,Résiliation,RH,Contrôleur de gestion sociale
50,Cantu,Taylor,Homme,02/12/2022,07/12/2022,Résiliation,Informatique,Administrateur réseaux
51,Welch,Erin,Homme,22/01/2022,17/08/2022,Démission,Informatique,Responsable sécurité informatique
52,Marshall,Cassandra,Femme,11/07/2022,21/08/2022,Retraite,Informatique,Webmaster
53,Joyce,Nicole,Femme,22/07/2022,19/09/2022,Démission,Finance,Assistant de gestion
54,Cooke,Angel,Homme,22/11/2022,16/12/2022,Résiliation,RH,Assistant RH
55,Faulkner,Krista,Femme,11/07/2022,31/08/2022,Retraite,Informatique,Administrateur système
56,Hobbs,Victoria,Homme,25/08/2022,20/12/2022,Retraite,Finance,Contrôleur de gestion
57,Schwartz,Zoe,Homme,05/05/2022,28/08/2022,Résiliation,Marketing,Ingénieur packaging
58,Neal,Elizabeth,Homme,28/02/2022,04/04/2022,Retraite,Informatique,Webmaster
59,Williams,Suzanne,Homme,28/03/2022,16/05/2022,Démission,Marketing,Category manager
60,Gould,Jason,Femme,21/02/2022,10/11/2022,Démission,Finance,Auditeur interne
61,Boone,Eric,Homme,28/03/2022,05/11/2022,Résiliation,Finance,Assistant de gestion
62,Morse,Andrew,Homme,04/06/2022,23/12/2022,Retraite,RH,Gestionnaire paie
63,Richards,Kevin,Femme,14/11/2022,06/12/2022,Résiliation,Informatique,Data engineer
64,Kelley,Sara,Femme,04/03/2022,05/08/2022,Résiliation,Marketing,Chef de projet marketing
65,Tate,Angela,Homme,01/06/2022,25/09/2022,Démission,Finance,Comptable
66,Zhang,Jason,Femme,07/03/2022,24/08/2022,Retraite,Finance,Assistant de gestion
67,Anderson,Thomas,Femme,28/05/2022,17/11/2022,Retraite,Finance,Assistant de gestion
68,Greene,Stephen,Homme,20/09/2022,14/12/2022,Retraite,Marketing,Ingénieur packaging
69,Howard,Dawn,Femme,25/08/2022,12/09/2022,Résiliation,Marketing,Assistant marketing
70,Hood,Brandon,Homme,18/03/2022,10/07/2022,Mise à pied,Informatique,Webmaster
71,Harris,Matthew,Femme,19/06/2022,09/07/2022,Mise à pied,Marketing,Ingénieur packaging
72,Chapman,Jill,Homme,04/07/2022,16/09/2022,Résiliation,RH,Responsable GPEC GEPP
73,Mullins,Jessica,Femme,25/04/2022,08/07/2022,Démission,Ventes,Gestionnaire CRM
74,Nelson,Scott,Femme,07/11/2022,02/12/2022,Démission,Informatique,Data engineer
75,Silva,Gary,Homme,02/09/2022,31/10/2022,Retraite,Informatique,Administrateur système
76,Love,Kathryn,Homme,20/11/2022,04/12/2022,Retraite,Informatique,Data engineer
77,Bautista,Tommy,Homme,20/04/2022,24/11/2022,Résiliation,RH,Assistant RH
78,Johnson,Misty,Femme,19/03/2022,21/04/2022,Mise à pied,Finance,Assistant de gestion
79,Wagner,Amanda,Femme,18/12/2022,22/12/2022,Mise à pied,Finance,Auditeur interne
80,Harding,Christopher,Femme,31/05/2022,01/06/2022,Retraite,RH,Responsable GPEC GEPP
81,Sanders,Lisa,Homme,01/01/2022,11/06/2022,Mise à pied,Marketing,Chef de projet marketing
82,Rivera,Connie,Femme,15/01/2022,30/12/2022,Mise à pied,Ventes,Gestionnaire CRM
83,Ramirez,Peter,Femme,27/06/2022,09/09/2022,Résiliation,RH,Contrôleur de gestion sociale
84,Warren,Marcus,Homme,13/08/2022,23/12/2022,Démission,Finance,Assistant de gestion
85,Fleming,Charles,Femme,05/03/2022,16/11/2022,Retraite,RH,Gestionnaire paie
86,Odonnell,Michael,Femme,23/05/2022,21/10/2022,Mise à pied,RH,Gestionnaire paie
87,Moody,Teresa,Femme,24/07/2022,06/11/2022,Résiliation,Ventes,Chargé d’affaires
88,Williams,Andrew,Femme,11/07/2022,26/07/2022,Mise à pied,Informatique,Data engineer
89,Beltran,Sarah,Homme,29/12/2022,30/12/2022,Résiliation,Finance,Analyste financier
90,Thomas,Justin,Femme,31/10/2022,24/11/2022,Retraite,RH,Responsable SIRH
91,Grant,Melanie,Femme,05/10/2022,27/10/2022,Mise à pied,Informatique,Administrateur système
92,Wyatt,Brandon,Homme,25/02/2022,31/10/2022,Résiliation,Informatique,Responsable sécurité informatique
93,Thomas,Rachel,Homme,28/06/2022,28/06/2022,Résiliation,RH,Assistant RH
94,Pitts,Mark,Femme,20/11/2022,25/12/2022,Retraite,Ventes,Responsable commercial
95,Ho,Alan,Homme,08/04/2022,14/11/2022,Résiliation,RH,Assistant RH
96,Woods,Trevor,Homme,20/02/2022,21/04/2022,Résiliation,Ventes,Chargé d’affaires
97,Sanders,Christina,Femme,27/05/2022,19/07/2022,Démission,Informatique,Responsable sécurité informatique
98,Howard,Benjamin,Femme,26/02/2022,20/12/2022,Démission,Finance,Auditeur interne
99,Duran,Micheal,Homme,02/07/2022,31/07/2022,Mise à pied,Ventes,Responsable commercial
100,Vaughn,Jennifer,Femme,14/03/2022,11/12/2022,Mise à pied,Informatique,Administrateur système
101,Fuller,Joseph,Homme,14/07/2022,26/11/2022,Démission,Marketing,Category manager
102,Morgan,Dave,Homme,21/05/2022,11/09/2022,Résiliation,RH,Responsable SIRH
103,Clark,Joseph,Homme,01/03/2022,19/03/2022,Résiliation,Finance,Auditeur interne
104,Adams,Jenna,Homme,20/09/2022,05/10/2022,Retraite,Informatique,Data engineer
105,Collins,Eric,Femme,09/04/2022,28/11/2022,Mise à pied,Ventes,Assistant commercial
106,Oconnor,Jennifer,Homme,10/05/2022,06/12/2022,Retraite,Ventes,Chargé d’affaires
107,Rasmussen,Wanda,Homme,02/04/2022,10/10/2022,Résiliation,Informatique,Administrateur réseaux
108,White,Theresa,Homme,28/04/2022,11/06/2022,Résiliation,RH,Assistant RH
109,Ingram,Jennifer,Homme,22/01/2022,02/02/2022,Résiliation,Informatique,Administrateur réseaux
110,Drake,David,Homme,24/12/2022,29/12/2022,Résiliation,Finance,Comptable
111,Dudley,Jacob,Homme,15/02/2022,30/12/2022,Retraite,Finance,Assistant de gestion
112,Malone,Tara,Homme,08/05/2022,12/11/2022,Mise à pied,Informatique,Administrateur réseaux
113,Garza,Michael,Homme,11/05/2022,07/06/2022,Retraite,Finance,Comptable
114,Collins,Emma,Homme,31/05/2022,22/12/2022,Mise à pied,Marketing,Chef de projet marketing
115,Lawrence,Raymond,Femme,11/04/2022,09/08/2022,Mise à pied,Ventes,Assistant commercial
116,Bryant,Judith,Homme,10/05/2022,31/08/2022,Mise à pied,Marketing,Category manager
117,Powell,Joshua,Homme,21/08/2022,04/09/2022,Résiliation,Marketing,Category manager
118,Hammond,Heather,Homme,12/06/2022,14/06/2022,Mise à pied,Marketing,Assistant marketing
119,Hill,Robert,Homme,25/03/2022,31/08/2022,Mise à pied,Ventes,Responsable commercial
120,Booker,Crystal,Femme,07/09/2022,12/12/2022,Retraite,Ventes,Animateur SAV
121,Wilson,Susan,Femme,23/09/2022,04/12/2022,Retraite,Marketing,Ingénieur packaging
122,Price,Teresa,Homme,30/04/2022,06/05/2022,Résiliation,Ventes,Assistant commercial
123,Wolfe,Tammy,Femme,11/09/2022,07/10/2022,Résiliation,Informatique,Data engineer
124,Walton,David,Homme,11/06/2022,26/09/2022,Retraite,Marketing,Assistant marketing
125,Boone,Anna,Femme,18/03/2022,04/10/2022,Retraite,Marketing,Assistant marketing
126,Davis,Monica,Femme,07/11/2022,01/12/2022,Retraite,Ventes,Gestionnaire CRM
127,Macias,Nichole,Homme,11/03/2022,20/10/2022,Démission,Informatique,Administrateur réseaux
128,Ross,Derrick,Femme,14/04/2022,12/05/2022,Retraite,RH,Responsable SIRH
129,Copeland,Jeffery,Homme,11/03/2022,16/05/2022,Résiliation,Marketing,Category manager
130,Garcia,Jason,Homme,01/01/2022,22/06/2022,Mise à pied,Informatique,Responsable sécurité informatique
131,Underwood,David,Femme,24/09/2022,25/10/2022,Mise à pied,Marketing,Category manager
132,King,Timothy,Homme,25/11/2022,27/12/2022,Résiliation,Informatique,Administrateur système
133,Davis,Andrew,Femme,29/12/2022,30/12/2022,Retraite,Finance,Comptable
134,Warner,Scott,Femme,21/09/2022,12/11/2022,Mise à pied,RH,Responsable SIRH
135,Lopez,Richard,Homme,08/02/2022,08/03/2022,Mise à pied,Informatique,Administrateur système
136,Gallagher,Lindsey,Homme,05/09/2022,28/11/2022,Retraite,RH,Contrôleur de gestion sociale
137,Porter,Joe,Homme,11/05/2022,29/08/2022,Résiliation,Ventes,Assistant commercial
138,Byrd,Bryan,Homme,31/05/2022,20/09/2022,Mise à pied,Informatique,Administrateur réseaux
139,Mason,Daniel,Femme,16/07/2022,15/08/2022,Démission,Informatique,Data engineer
140,Deleon,Christopher,Femme,03/03/2022,05/11/2022,Résiliation,RH,Gestionnaire paie
141,Graham,Alan,Homme,28/06/2022,08/12/2022,Résiliation,Ventes,Responsable commercial
142,Valdez,Lisa,Homme,05/05/2022,07/10/2022,Retraite,Informatique,Webmaster
143,Brown,Tara,Femme,05/05/2022,13/06/2022,Mise à pied,Informatique,Administrateur réseaux
144,Roman,Christine,Homme,14/01/2022,31/03/2022,Résiliation,Informatique,Data engineer
145,Walter,Cody,Femme,22/10/2022,24/11/2022,Résiliation,Marketing,Category manager
146,Brown,William,Femme,10/10/2022,27/11/2022,Mise à pied,Finance,Comptable
147,Rios,Stephanie,Homme,06/06/2022,29/07/2022,Retraite,Marketing,Category manager
148,Moreno,Donald,Homme,21/04/2022,07/12/2022,Mise à pied,Informatique,Administrateur réseaux
149,Chang,Grace,Homme,16/12/2022,28/12/2022,Mise à pied,Finance,Analyste financier
150,Wilson,Corey,Femme,25/03/2022,02/08/2022,Résiliation,Finance,Contrôleur de gestion
151,Brown,Lisa,Femme,14/10/2022,27/11/2022,Mise à pied,RH,Responsable SIRH
152,Brown,Kylie,Femme,18/12/2022,23/12/2022,Mise à pied,Ventes,Responsable commercial
153,Barnett,John,Femme,24/06/2022,10/07/2022,Retraite,Finance,Analyste financier
154,Gonzalez,Debbie,Femme,15/08/2022,10/10/2022,Mise à pied,Marketing,Responsable marketing
155,Walton,Adam,Homme,25/12/2022,25/12/2022,Retraite,Finance,Comptable
156,Burnett,Pamela,Homme,02/07/2022,13/12/2022,Mise à pied,Ventes,Chargé d’affaires
157,Johnson,Mario,Femme,16/02/2022,19/07/2022,Résiliation,Marketing,Category manager
158,Coffey,Shawn,Homme,27/05/2022,20/12/2022,Retraite,Ventes,Gestionnaire CRM
159,Lopez,Garrett,Femme,18/02/2022,13/08/2022,Retraite,Marketing,Assistant marketing
160,Barton,Matthew,Homme,15/07/2022,06/09/2022,Retraite,Informatique,Data engineer
161,Fisher,Alejandro,Femme,25/03/2022,30/10/2022,Démission,RH,Responsable SIRH
162,Byrd,Kim,Homme,23/03/2022,15/10/2022,Démission,Marketing,Chef de projet marketing
163,Chan,Christina,Homme,09/10/2022,10/12/2022,Résiliation,Ventes,Chargé d’affaires
164,Evans,Michelle,Femme,27/11/2022,14/12/2022,Résiliation,Finance,Analyste financier
165,Villa,Steven,Femme,25/01/2022,09/02/2022,Mise à pied,Marketing,Chef de projet marketing
166,Ruiz,Nancy,Homme,03/12/2022,04/12/2022,Mise à pied,Finance,Analyste financier
167,Smith,Austin,Homme,23/09/2022,27/10/2022,Retraite,Informatique,Administrateur système
168,Haney,Matthew,Femme,23/03/2022,09/04/2022,Résiliation,RH,Responsable SIRH
169,Gallegos,Hannah,Homme,10/02/2022,30/10/2022,Mise à pied,Informatique,Webmaster
170,King,Cynthia,Homme,11/05/2022,04/06/2022,Retraite,Informatique,Administrateur système
171,Jones,Phyllis,Homme,12/01/2022,30/12/2022,Résiliation,RH,Responsable SIRH
172,Stevenson,Megan,Homme,30/05/2022,06/10/2022,Résiliation,Marketing,Chef de projet marketing
173,Johnson,Stephen,Homme,17/08/2022,01/11/2022,Démission,Informatique,Data engineer
174,Mckee,Michael,Homme,19/12/2022,28/12/2022,Mise à pied,Ventes,Animateur SAV
175,Miller,Stephanie,Homme,13/07/2022,07/10/2022,Démission,Finance,Comptable
176,Johnson,Eric,Femme,26/03/2022,17/08/2022,Retraite,Informatique,Webmaster
177,Odonnell,Michael,Homme,28/02/2022,30/04/2022,Retraite,Marketing,Category manager
178,Johnson,Katelyn,Homme,19/10/2022,17/12/2022,Résiliation,Informatique,Webmaster
179,Pruitt,Michael,Homme,20/08/2022,02/12/2022,Mise à pied,Finance,Analyste financier
180,Cole,George,Femme,21/05/2022,28/12/2022,Retraite,Ventes,Responsable commercial
181,Gallagher,Lisa,Femme,11/01/2022,06/06/2022,Démission,RH,Assistant RH
182,Castillo,Danielle,Femme,17/04/2022,12/09/2022,Mise à pied,Finance,Contrôleur de gestion
183,Greene,Diana,Homme,09/06/2022,08/07/2022,Retraite,Informatique,Administrateur réseaux
184,Garrett,Crystal,Femme,27/11/2022,19/12/2022,Résiliation,Marketing,Category manager
185,Case,Danielle,Femme,11/07/2022,06/11/2022,Résiliation,RH,Gestionnaire paie
186,Matthews,Crystal,Femme,21/06/2022,18/09/2022,Mise à pied,RH,Assistant RH
187,Warren,Lori,Femme,18/03/2022,29/08/2022,Mise à pied,Finance,Auditeur interne
188,Holmes,Yolanda,Femme,25/10/2022,15/11/2022,Mise à pied,Finance,Assistant de gestion
189,Kennedy,Brian,Homme,16/12/2022,27/12/2022,Retraite,Ventes,Chargé d’affaires
190,Murphy,Crystal,Femme,19/04/2022,08/09/2022,Démission,Finance,Auditeur interne
191,Wilson,Cynthia,Homme,12/08/2022,05/10/2022,Retraite,Informatique,Data engineer
192,Massey,Charles,Femme,14/06/2022,06/10/2022,Résiliation,Marketing,Ingénieur packaging
193,Lopez,Ashley,Homme,05/02/2022,28/08/2022,Démission,Informatique,Administrateur réseaux
194,Baker,Paul,Homme,21/10/2022,07/12/2022,Retraite,Informatique,Responsable sécurité informatique
195,Bryant,Amanda,Femme,09/08/2022,21/10/2022,Démission,Informatique,Administrateur réseaux
196,Flowers,James,Femme,15/12/2022,26/12/2022,Mise à pied,Finance,Assistant de gestion
197,Smith,Bridget,Femme,05/07/2022,26/09/2022,Mise à pied,Marketing,Responsable marketing
198,Smith,David,Homme,01/07/2022,03/08/2022,Retraite,RH,Gestionnaire paie
199,Wilson,Stephanie,Homme,11/09/2022,18/12/2022,Mise à pied,Marketing,Chef de projet marketing
200,Alexander,Denise,Homme,02/05/2022,09/06/2022,Démission,Marketing,Responsable marketing
201,Stevens,Jonathan,Femme,10/08/2022,26/12/2022,Mise à pied,Marketing,Category manager
202,Smith,Cameron,Femme,21/12/2022,27/12/2022,Démission,Finance,Analyste financier
203,Jackson,Tracey,Femme,24/11/2022,24/12/2022,Résiliation,Finance,Contrôleur de gestion
204,Kelley,Gabriel,Homme,29/07/2022,15/12/2022,Résiliation,Marketing,Responsable marketing
205,Villanueva,Stephanie,Femme,21/09/2022,30/09/2022,Résiliation,Marketing,Ingénieur packaging
206,Miller,James,Homme,10/10/2022,22/11/2022,Mise à pied,Informatique,Administrateur réseaux
207,Mitchell,Johnny,Femme,04/02/2022,19/08/2022,Démission,Marketing,Assistant marketing
208,Smith,Emily,Femme,21/12/2022,28/12/2022,Résiliation,Finance,Contrôleur de gestion
209,Arnold,Jeff,Homme,26/08/2022,28/12/2022,Démission,Ventes,Gestionnaire CRM
210,Williams,Dana,Homme,02/03/2022,09/12/2022,Démission,Informatique,Responsable sécurité informatique
211,Wang,Scott,Homme,24/10/2022,27/11/2022,Retraite,RH,Responsable GPEC GEPP
212,Reid,Shelby,Homme,20/12/2022,21/12/2022,Résiliation,Finance,Analyste financier
213,Merritt,Patricia,Femme,26/10/2022,27/12/2022,Retraite,RH,Contrôleur de gestion sociale
214,Johns,Theresa,Femme,04/07/2022,29/10/2022,Résiliation,Finance,Contrôleur de gestion
215,Reid,Meghan,Homme,21/11/2022,20/12/2022,Résiliation,RH,Gestionnaire paie
216,Howard,Pamela,Homme,24/05/2022,18/10/2022,Mise à pied,RH,Responsable SIRH
217,Mcmillan,Heather,Femme,30/08/2022,16/09/2022,Démission,Ventes,Gestionnaire CRM
218,Hudson,Amber,Femme,04/10/2022,25/12/2022,Retraite,Ventes,Assistant commercial
219,Hughes,Peter,Femme,12/04/2022,13/04/2022,Résiliation,RH,Responsable SIRH
220,Lee,Alicia,Homme,05/12/2022,25/12/2022,Mise à pied,Finance,Contrôleur de gestion
221,Jacobs,Karen,Homme,20/04/2022,25/04/2022,Démission,Informatique,Administrateur réseaux
222,Young,David,Homme,21/06/2022,07/08/2022,Mise à pied,Marketing,Ingénieur packaging
223,Kennedy,Sharon,Femme,25/10/2022,15/12/2022,Démission,Informatique,Webmaster
224,Reed,Melinda,Femme,17/11/2022,12/12/2022,Retraite,RH,Assistant RH
225,Rivera,Danielle,Femme,19/03/2022,14/08/2022,Retraite,Marketing,Ingénieur packaging
226,Wells,Erin,Femme,14/05/2022,22/10/2022,Retraite,Finance,Contrôleur de gestion
227,Farmer,Joel,Femme,24/08/2022,08/11/2022,Résiliation,Finance,Comptable
228,Little,Tina,Femme,22/09/2022,28/11/2022,Mise à pied,Finance,Auditeur interne
229,Murray,William,Homme,19/05/2022,01/12/2022,Mise à pied,Finance,Assistant de gestion
230,Buck,Alyssa,Homme,16/01/2022,29/11/2022,Démission,RH,Contrôleur de gestion sociale
231,Robinson,Jonathan,Femme,08/06/2022,11/11/2022,Démission,Marketing,Responsable marketing
232,Rodriguez,John,Femme,12/08/2022,06/12/2022,Retraite,Ventes,Chargé d’affaires
233,Arnold,Rebecca,Homme,21/04/2022,25/10/2022,Retraite,Informatique,Administrateur système
234,Davis,Ronald,Homme,03/12/2022,15/12/2022,Mise à pied,Ventes,Chargé d’affaires
235,Lane,James,Homme,27/06/2022,22/11/2022,Démission,Ventes,Animateur SAV
236,Sanchez,Wayne,Femme,27/08/2022,11/09/2022,Mise à pied,Informatique,Administrateur réseaux
237,Allen,Charles,Homme,02/12/2022,03/12/2022,Mise à pied,Finance,Comptable
238,Holmes,James,Femme,09/11/2022,12/12/2022,Démission,Ventes,Responsable commercial
239,Griffin,Karen,Femme,23/07/2022,30/07/2022,Démission,Finance,Comptable
240,Hall,Monique,Homme,07/11/2022,07/12/2022,Résiliation,RH,Assistant RH
241,Stafford,Frank,Homme,12/04/2022,09/11/2022,Démission,Marketing,Chef de projet marketing
242,Bruce,Michael,Femme,13/02/2022,13/06/2022,Démission,Informatique,Webmaster
243,Palmer,Mary,Femme,08/12/2022,10/12/2022,Résiliation,Ventes,Assistant commercial
244,Montgomery,Lori,Homme,31/10/2022,01/12/2022,Mise à pied,Informatique,Data engineer
245,Munoz,David,Femme,02/03/2022,07/06/2022,Retraite,Informatique,Administrateur système
246,Jimenez,Leah,Homme,05/01/2022,31/07/2022,Retraite,Marketing,Category manager
247,Castro,Timothy,Femme,15/02/2022,27/07/2022,Mise à pied,Finance,Auditeur interne
248,Ramirez,Robert,Femme,31/05/2022,24/06/2022,Résiliation,Informatique,Webmaster
249,Mann,Leslie,Femme,29/04/2022,02/08/2022,Résiliation,Marketing,Chef de projet marketing
250,Collins,Christian,Femme,25/10/2022,16/11/2022,Démission,Informatique,Data engineer
251,Powell,Adam,Femme,26/02/2022,08/09/2022,Mise à pied,Finance,Auditeur interne
252,Molina,Melissa,Homme,07/01/2022,21/01/2022,Démission,Finance,Comptable
253,Miller,Riley,Femme,10/06/2022,06/12/2022,Démission,Marketing,Category manager
254,Hall,Bruce,Femme,01/08/2022,12/10/2022,Mise à pied,Ventes,Chargé d’affaires
255,Taylor,Victoria,Homme,29/10/2022,03/12/2022,Résiliation,Informatique,Webmaster
256,Miller,John,Femme,08/01/2022,22/04/2022,Résiliation,Ventes,Chargé d’affaires
257,Juarez,Eduardo,Homme,15/12/2022,30/12/2022,Démission,RH,Gestionnaire paie
258,Nelson,Gregory,Homme,18/04/2022,22/05/2022,Résiliation,Marketing,Category manager
259,Glenn,Wendy,Homme,17/09/2022,10/12/2022,Retraite,Finance,Comptable
260,Jenkins,William,Homme,04/06/2022,05/11/2022,Retraite,RH,Assistant RH
261,Guzman,Joseph,Femme,05/07/2022,15/11/2022,Mise à pied,Informatique,Administrateur système
262,Adams,Sandra,Femme,24/02/2022,16/04/2022,Résiliation,RH,Gestionnaire paie
263,Garcia,Peter,Homme,16/07/2022,27/09/2022,Mise à pied,Informatique,Webmaster
264,Cruz,John,Femme,03/05/2022,05/12/2022,Mise à pied,Ventes,Responsable commercial
265,Parrish,Ebony,Homme,24/03/2022,08/09/2022,Mise à pied,Informatique,Webmaster
266,Baxter,Katherine,Homme,22/10/2022,08/11/2022,Résiliation,RH,Gestionnaire paie
267,Morales,Janice,Femme,19/02/2022,07/03/2022,Retraite,Marketing,Ingénieur packaging
268,Ayers,Brandon,Femme,10/02/2022,08/06/2022,Résiliation,Finance,Comptable
269,Underwood,Jared,Homme,20/02/2022,03/08/2022,Résiliation,Informatique,Administrateur réseaux
270,Rogers,Jennifer,Femme,31/08/2022,11/10/2022,Démission,Informatique,Administrateur système
271,Kelly,Hayley,Femme,24/03/2022,19/07/2022,Mise à pied,Informatique,Administrateur système
272,Sparks,Andrew,Homme,19/03/2022,08/07/2022,Mise à pied,Marketing,Ingénieur packaging
273,Crawford,Michael,Homme,01/09/2022,19/09/2022,Retraite,Informatique,Responsable sécurité informatique
274,Carter,William,Femme,08/03/2022,26/05/2022,Démission,Ventes,Assistant commercial
275,Quinn,Lisa,Femme,10/12/2022,27/12/2022,Mise à pied,Marketing,Chef de projet marketing
276,Wheeler,Brandon,Homme,13/02/2022,26/02/2022,Mise à pied,Ventes,Responsable commercial
277,Austin,Arthur,Homme,22/04/2022,15/12/2022,Mise à pied,Marketing,Category manager
278,Rollins,Jennifer,Femme,05/02/2022,16/03/2022,Mise à pied,Informatique,Administrateur réseaux
279,Schwartz,Susan,Homme,23/09/2022,14/11/2022,Mise à pied,Informatique,Administrateur réseaux
280,Smith,Stephen,Femme,01/09/2022,18/10/2022,Démission,RH,Assistant RH
281,Patterson,Jeffrey,Femme,01/02/2022,20/08/2022,Mise à pied,Informatique,Webmaster
282,Logan,Rebecca,Femme,13/01/2022,10/07/2022,Retraite,Finance,Auditeur interne
283,Wilson,Mariah,Femme,18/02/2022,01/11/2022,Résiliation,Ventes,Chargé d’affaires
284,Avila,Jacqueline,Femme,23/03/2022,25/06/2022,Résiliation,Informatique,Data engineer
285,Smith,James,Femme,29/12/2022,29/12/2022,Mise à pied,Marketing,Category manager
286,Rangel,Jessica,Femme,30/01/2022,27/10/2022,Mise à pied,Informatique,Administrateur réseaux
287,Thomas,Edward,Femme,15/05/2022,27/07/2022,Démission,RH,Gestionnaire paie
288,Hayes,Monique,Homme,20/11/2022,04/12/2022,Résiliation,Ventes,Responsable commercial
289,Douglas,Veronica,Femme,29/05/2022,08/10/2022,Démission,RH,Assistant RH
290,Barker,Tristan,Homme,15/02/2022,19/04/2022,Mise à pied,Ventes,Chargé d’affaires
291,Alexander,Monica,Femme,21/05/2022,03/08/2022,Mise à pied,Ventes,Animateur SAV
292,Francis,Chris,Homme,14/06/2022,15/11/2022,Mise à pied,Ventes,Animateur SAV
293,Martinez,Daniel,Homme,28/06/2022,14/07/2022,Retraite,Informatique,Administrateur système
294,Bryant,Jenna,Homme,10/03/2022,23/05/2022,Démission,Finance,Analyste financier
295,Baker,Chase,Femme,02/05/2022,21/12/2022,Résiliation,Informatique,Administrateur système
296,Cain,Michael,Femme,26/07/2022,08/11/2022,Résiliation,Marketing,Category manager
297,Wright,Kevin,Homme,13/10/2022,13/12/2022,Résiliation,Finance,Assistant de gestion
298,Williams,Kathleen,Homme,30/03/2022,12/04/2022,Mise à pied,Informatique,Responsable sécurité informatique
299,Singh,Samantha,Homme,16/03/2022,27/11/2022,Résiliation,Marketing,Ingénieur packaging
300,Johnson,Evan,Homme,17/10/2022,21/11/2022,Retraite,Ventes,Animateur SAV
301,Garcia,Janet,Homme,04/05/2022,03/09/2022,Démission,RH,Gestionnaire paie
302,Wilson,Antonio,Femme,03/09/2022,07/11/2022,Retraite,Informatique,Administrateur réseaux
303,Rose,Howard,Homme,04/09/2022,05/11/2022,Résiliation,Informatique,Webmaster
304,Lucero,Michelle,Homme,18/07/2022,31/10/2022,Mise à pied,Ventes,Assistant commercial
305,Bartlett,Nichole,Femme,13/07/2022,08/09/2022,Mise à pied,RH,Gestionnaire paie
306,Bright,Deborah,Homme,29/07/2022,30/07/2022,Retraite,RH,Responsable SIRH
307,Alvarado,Catherine,Femme,04/02/2022,21/05/2022,Retraite,RH,Gestionnaire paie
308,Richard,Robin,Femme,10/06/2022,25/09/2022,Résiliation,Finance,Assistant de gestion
309,Griffith,Kelly,Homme,11/01/2022,01/12/2022,Retraite,Informatique,Data engineer
310,Stewart,Gail,Femme,23/02/2022,18/04/2022,Résiliation,Marketing,Chef de projet marketing
311,Hicks,Darrell,Femme,19/10/2022,11/11/2022,Retraite,Marketing,Chef de projet marketing
312,Jones,Joseph,Femme,05/01/2022,03/08/2022,Résiliation,RH,Responsable GPEC GEPP
313,Klein,Annette,Femme,22/07/2022,10/10/2022,Démission,Ventes,Assistant commercial
314,Cox,Mark,Femme,20/12/2022,28/12/2022,Résiliation,RH,Responsable GPEC GEPP
315,Reynolds,Laura,Homme,25/06/2022,14/12/2022,Résiliation,Finance,Assistant de gestion
316,Reed,John,Homme,19/01/2022,21/03/2022,Retraite,Finance,Analyste financier
317,Carter,Victoria,Femme,07/09/2022,30/11/2022,Retraite,Ventes,Assistant commercial
318,Allen,Charles,Homme,09/04/2022,18/10/2022,Démission,Informatique,Administrateur réseaux
319,Daniels,Harry,Femme,05/12/2022,17/12/2022,Résiliation,RH,Responsable GPEC GEPP
320,Alvarado,Karen,Homme,11/01/2022,02/03/2022,Mise à pied,Informatique,Data engineer
321,Robinson,Bethany,Homme,29/12/2022,30/12/2022,Retraite,Informatique,Webmaster
322,Sellers,Christopher,Femme,18/04/2022,28/11/2022,Mise à pied,Marketing,Responsable marketing
323,Clarke,Samantha,Homme,08/02/2022,21/06/2022,Retraite,RH,Assistant RH
324,Tran,Zachary,Femme,18/04/2022,09/06/2022,Mise à pied,Finance,Auditeur interne
325,Washington,Austin,Femme,12/01/2022,29/12/2022,Mise à pied,Finance,Assistant de gestion
326,Riley,Rachel,Femme,04/06/2022,05/10/2022,Démission,Ventes,Chargé d’affaires
327,Morton,Christopher,Homme,24/11/2022,17/12/2022,Mise à pied,RH,Assistant RH
328,Lane,Kayla,Homme,27/02/2022,08/05/2022,Démission,RH,Contrôleur de gestion sociale
329,Miller,Omar,Homme,18/07/2022,25/07/2022,Retraite,RH,Responsable GPEC GEPP
330,Hill,Carol,Femme,10/11/2022,15/12/2022,Retraite,Finance,Assistant de gestion
331,Short,Leon,Femme,15/08/2022,07/09/2022,Retraite,Ventes,Responsable commercial
332,Kim,Jacqueline,Homme,18/11/2022,05/12/2022,Retraite,Ventes,Animateur SAV
333,Wilson,Vanessa,Homme,29/11/2022,11/12/2022,Résiliation,Finance,Comptable
334,Crawford,Craig,Femme,11/03/2022,28/07/2022,Retraite,Ventes,Assistant commercial
335,Richardson,Janet,Homme,03/04/2022,18/05/2022,Démission,Ventes,Assistant commercial
336,Wade,Jennifer,Femme,12/08/2022,26/11/2022,Résiliation,Finance,Assistant de gestion
337,Miller,Natasha,Femme,11/07/2022,13/09/2022,Retraite,Informatique,Webmaster
338,Chen,Lori,Homme,21/09/2022,01/12/2022,Mise à pied,Marketing,Assistant marketing
339,Hodges,Scott,Femme,30/05/2022,05/07/2022,Résiliation,Informatique,Responsable sécurité informatique
340,Gonzalez,Jeremy,Femme,01/08/2022,19/12/2022,Mise à pied,Ventes,Assistant commercial
341,Smith,Steven,Femme,21/05/2022,05/07/2022,Démission,Finance,Comptable
342,Kim,Julie,Homme,30/11/2022,12/12/2022,Retraite,RH,Gestionnaire paie
343,Thomas,Katherine,Femme,19/05/2022,08/09/2022,Retraite,Marketing,Chef de projet marketing
344,Friedman,Jennifer,Homme,07/10/2022,24/10/2022,Résiliation,Informatique,Administrateur système
345,Lee,Jennifer,Femme,08/03/2022,18/08/2022,Résiliation,Informatique,Data engineer
346,Campbell,Anthony,Homme,14/03/2022,01/06/2022,Mise à pied,Ventes,Responsable commercial
347,Ball,Danielle,Homme,08/03/2022,30/07/2022,Mise à pied,Marketing,Ingénieur packaging
348,Bowers,Devin,Femme,01/12/2022,15/12/2022,Démission,Ventes,Assistant commercial
349,Baker,Paula,Homme,22/09/2022,23/11/2022,Retraite,RH,Responsable SIRH
350,Rosario,Brenda,Homme,08/04/2022,05/09/2022,Mise à pied,RH,Responsable SIRH
351,Riggs,Alexander,Femme,26/05/2022,16/10/2022,Retraite,RH,Contrôleur de gestion sociale
352,Patton,Steven,Homme,03/03/2022,03/11/2022,Résiliation,Informatique,Administrateur système
353,Jimenez,Thomas,Homme,24/10/2022,30/12/2022,Mise à pied,Informatique,Responsable sécurité informatique
354,Taylor,Jacqueline,Femme,28/07/2022,13/10/2022,Mise à pied,RH,Responsable SIRH
355,Gonzalez,Tyler,Femme,03/09/2022,30/11/2022,Mise à pied,Informatique,Data engineer
356,Wong,Lisa,Homme,25/09/2022,14/10/2022,Résiliation,Ventes,Chargé d’affaires
357,Butler,April,Femme,24/04/2022,27/11/2022,Mise à pied,RH,Responsable SIRH
358,Rice,Nicholas,Femme,19/06/2022,29/11/2022,Mise à pied,Informatique,Data engineer
359,Wilson,Jeanne,Femme,02/06/2022,01/09/2022,Résiliation,Informatique,Administrateur système
360,Hayes,Cynthia,Femme,15/05/2022,08/09/2022,Démission,Finance,Auditeur interne
361,Hancock,Susan,Homme,30/04/2022,11/07/2022,Retraite,Marketing,Category manager
362,Long,Angel,Femme,09/05/2022,06/08/2022,Retraite,Ventes,Assistant commercial
363,Rogers,Michael,Femme,12/11/2022,18/12/2022,Démission,Marketing,Category manager
364,Rios,Jennifer,Homme,10/08/2022,14/12/2022,Mise à pied,Marketing,Assistant marketing
365,Williams,Jeffrey,Femme,16/07/2022,08/08/2022,Retraite,Finance,Auditeur interne
366,Peters,Paige,Homme,07/07/2022,29/11/2022,Démission,Informatique,Data engineer
367,Arnold,Jessica,Homme,30/04/2022,02/08/2022,Mise à pied,Finance,Auditeur interne
368,Shaffer,John,Femme,24/11/2022,14/12/2022,Démission,Ventes,Gestionnaire CRM
369,Summers,Angela,Femme,01/06/2022,02/09/2022,Résiliation,Ventes,Animateur SAV
370,Smith,Andrea,Femme,30/06/2022,13/12/2022,Mise à pied,Finance,Analyste financier
371,Brooks,Ashley,Femme,23/02/2022,28/07/2022,Résiliation,Ventes,Chargé d’affaires
372,Dean,David,Homme,15/01/2022,05/12/2022,Retraite,RH,Assistant RH
373,Patel,Justin,Femme,01/08/2022,09/10/2022,Retraite,Informatique,Responsable sécurité informatique
374,Mason,Wanda,Femme,14/08/2022,26/08/2022,Retraite,Informatique,Webmaster
375,Mcgee,Robert,Homme,11/06/2022,10/12/2022,Démission,Ventes,Animateur SAV
376,Perez,Melanie,Homme,12/06/2022,19/10/2022,Retraite,Finance,Assistant de gestion
377,Hill,Steven,Femme,25/01/2022,31/08/2022,Retraite,RH,Gestionnaire paie
378,Strong,Chad,Homme,28/08/2022,21/09/2022,Résiliation,RH,Contrôleur de gestion sociale
379,Payne,Kristen,Femme,19/01/2022,12/06/2022,Retraite,RH,Gestionnaire paie
380,Wong,Jeremy,Homme,22/09/2022,29/12/2022,Résiliation,Marketing,Ingénieur packaging
381,Cole,Charles,Homme,23/10/2022,11/12/2022,Démission,Ventes,Chargé d’affaires
382,Johnson,Antonio,Homme,30/11/2022,03/12/2022,Résiliation,Informatique,Data engineer
383,Ruiz,Todd,Femme,14/07/2022,30/11/2022,Mise à pied,RH,Contrôleur de gestion sociale
384,Floyd,Savannah,Homme,23/05/2022,24/09/2022,Résiliation,Ventes,Gestionnaire CRM
385,Ramirez,Kristi,Homme,18/07/2022,07/09/2022,Retraite,Informatique,Webmaster
386,Pearson,Larry,Femme,18/11/2022,21/12/2022,Mise à pied,Ventes,Assistant commercial
387,Green,Brandon,Homme,25/06/2022,15/12/2022,Résiliation,Ventes,Gestionnaire CRM
388,Burke,Angela,Femme,09/02/2022,07/11/2022,Retraite,Marketing,Chef de projet marketing
389,Bennett,Clayton,Femme,14/05/2022,24/11/2022,Résiliation,RH,Assistant RH
390,Gonzalez,Ashley,Homme,04/01/2022,20/02/2022,Mise à pied,Ventes,Gestionnaire CRM
391,Russell,Gregory,Femme,04/02/2022,27/08/2022,Mise à pied,Informatique,Administrateur réseaux
392,Gay,David,Homme,27/12/2022,28/12/2022,Résiliation,Ventes,Chargé d’affaires
393,Glenn,William,Femme,22/12/2022,25/12/2022,Résiliation,Informatique,Administrateur réseaux
394,Moss,Rhonda,Femme,07/10/2022,27/12/2022,Retraite,Finance,Auditeur interne
395,Wilson,Robin,Homme,14/09/2022,05/10/2022,Retraite,RH,Assistant RH
396,Harris,April,Femme,27/09/2022,11/11/2022,Démission,RH,Assistant RH
397,Walter,Vernon,Homme,12/10/2022,21/11/2022,Retraite,Ventes,Responsable commercial
398,Davis,Tonya,Femme,05/02/2022,06/12/2022,Mise à pied,Finance,Contrôleur de gestion
399,White,Angela,Femme,23/04/2022,06/07/2022,Mise à pied,Finance,Assistant de gestion
400,Hernandez,Joshua,Homme,19/11/2022,30/11/2022,Mise à pied,Marketing,Category manager
401,Smith,Michael,Homme,14/11/2022,07/12/2022,Démission,Informatique,Responsable sécurité informatique
402,Duran,Whitney,Femme,10/03/2022,20/09/2022,Mise à pied,Ventes,Responsable commercial
403,Blackburn,Linda,Femme,09/02/2022,26/06/2022,Démission,Marketing,Ingénieur packaging
404,Hicks,David,Femme,27/10/2022,12/12/2022,Mise à pied,Marketing,Responsable marketing
405,Huber,Sylvia,Femme,17/06/2022,20/12/2022,Démission,Ventes,Gestionnaire CRM
406,Harper,Jason,Femme,18/06/2022,14/10/2022,Résiliation,Marketing,Chef de projet marketing
407,Montgomery,Ann,Femme,20/12/2022,27/12/2022,Retraite,RH,Responsable SIRH
408,Jarvis,Ann,Femme,30/04/2022,18/07/2022,Démission,Informatique,Data engineer
409,Nguyen,Cindy,Homme,17/10/2022,05/11/2022,Démission,Ventes,Responsable commercial
410,Cooper,Molly,Femme,06/05/2022,07/06/2022,Démission,RH,Assistant RH
411,Mason,Stephen,Femme,06/04/2022,11/04/2022,Démission,Informatique,Data engineer
412,Calhoun,Betty,Homme,15/07/2022,27/08/2022,Démission,Ventes,Gestionnaire CRM
413,Garcia,David,Femme,28/02/2022,17/10/2022,Mise à pied,Marketing,Assistant marketing
414,Gamble,Brianna,Femme,23/05/2022,06/09/2022,Résiliation,Ventes,Gestionnaire CRM
415,Hayden,Michael,Homme,20/09/2022,18/10/2022,Mise à pied,Finance,Comptable
416,Coleman,Christina,Femme,30/05/2022,11/07/2022,Résiliation,Ventes,Gestionnaire CRM
417,Jackson,Kristina,Homme,22/12/2022,26/12/2022,Résiliation,RH,Assistant RH
418,Sutton,Leslie,Homme,19/10/2022,04/12/2022,Mise à pied,Ventes,Assistant commercial
419,Schultz,Sarah,Homme,22/07/2022,02/12/2022,Résiliation,Informatique,Administrateur réseaux
420,Roberts,Anthony,Femme,08/06/2022,22/12/2022,Mise à pied,Ventes,Responsable commercial
421,Wilson,Katie,Femme,15/12/2022,26/12/2022,Résiliation,Marketing,Category manager
422,Weaver,Kristine,Homme,15/05/2022,21/12/2022,Retraite,Finance,Contrôleur de gestion
423,Knox,Mariah,Femme,16/02/2022,27/08/2022,Mise à pied,Informatique,Webmaster
424,Dunn,Duane,Homme,26/06/2022,18/10/2022,Démission,Marketing,Responsable marketing
425,Pope,Deborah,Femme,16/01/2022,18/09/2022,Démission,Marketing,Chef de projet marketing
426,Stafford,Hailey,Homme,15/01/2022,21/08/2022,Démission,Informatique,Data engineer
427,Swanson,Theresa,Femme,17/02/2022,03/10/2022,Retraite,RH,Assistant RH
428,Juarez,Yvonne,Homme,10/01/2022,12/03/2022,Résiliation,Ventes,Responsable commercial
429,Grant,Melanie,Homme,14/11/2022,20/11/2022,Retraite,Informatique,Data engineer
430,Baker,Alec,Homme,29/10/2022,20/12/2022,Démission,Marketing,Category manager
431,Le,David,Femme,11/07/2022,23/12/2022,Démission,Finance,Analyste financier
432,Martin,Stephen,Femme,27/02/2022,21/09/2022,Démission,Marketing,Assistant marketing
433,Mcfarland,Danny,Homme,06/04/2022,16/07/2022,Démission,RH,Responsable SIRH
434,Hurst,William,Homme,30/03/2022,03/07/2022,Retraite,Informatique,Webmaster
435,Smith,Katrina,Homme,02/02/2022,22/05/2022,Démission,Ventes,Responsable commercial
436,Solis,Ashley,Homme,11/11/2022,13/11/2022,Mise à pied,RH,Assistant RH
437,Frost,Tiffany,Homme,07/11/2022,20/11/2022,Mise à pied,Ventes,Gestionnaire CRM
438,Clark,Robert,Femme,25/12/2022,29/12/2022,Démission,Informatique,Administrateur réseaux
439,Smith,Michael,Femme,18/04/2022,17/12/2022,Mise à pied,Informatique,Responsable sécurité informatique
440,Wallace,Mark,Homme,03/10/2022,12/12/2022,Démission,Ventes,Gestionnaire CRM
441,Whitaker,Anthony,Femme,24/09/2022,14/12/2022,Mise à pied,Marketing,Responsable marketing
442,Navarro,Tim,Femme,02/04/2022,04/04/2022,Retraite,Ventes,Chargé d’affaires
443,Mendoza,Seth,Homme,08/07/2022,18/10/2022,Retraite,Informatique,Administrateur système
444,Ramos,Kenneth,Homme,01/09/2022,28/09/2022,Mise à pied,RH,Gestionnaire paie
445,Jarvis,Dawn,Homme,09/12/2022,14/12/2022,Mise à pied,RH,Contrôleur de gestion sociale
446,Cole,Jennifer,Homme,03/07/2022,07/09/2022,Démission,Ventes,Animateur SAV
447,Cardenas,Dustin,Homme,05/07/2022,28/11/2022,Résiliation,Ventes,Gestionnaire CRM
448,Brown,Cody,Femme,08/04/2022,19/12/2022,Résiliation,Ventes,Gestionnaire CRM
449,Henry,Deborah,Femme,23/03/2022,14/04/2022,Mise à pied,Finance,Contrôleur de gestion
450,Lee,Sarah,Femme,14/03/2022,12/05/2022,Résiliation,Ventes,Assistant commercial
451,Anderson,Jennifer,Homme,09/02/2022,30/06/2022,Mise à pied,Finance,Comptable
452,Keller,Kristi,Femme,30/05/2022,29/06/2022,Retraite,RH,Responsable GPEC GEPP
453,Parker,Nicole,Femme,12/10/2022,10/11/2022,Retraite,Ventes,Responsable commercial
454,Sanders,Janice,Femme,02/07/2022,18/11/2022,Mise à pied,Informatique,Responsable sécurité informatique
455,Brown,Robert,Homme,23/07/2022,27/11/2022,Mise à pied,Informatique,Data engineer
456,Ferguson,Rachel,Femme,11/05/2022,26/07/2022,Démission,Informatique,Webmaster
457,Foster,Amy,Femme,29/08/2022,31/08/2022,Retraite,Informatique,Responsable sécurité informatique
458,Wheeler,Maria,Homme,30/07/2022,27/11/2022,Mise à pied,RH,Gestionnaire paie
459,Rhodes,Ronnie,Homme,31/07/2022,28/11/2022,Retraite,Marketing,Category manager
460,Neal,Yolanda,Homme,07/05/2022,27/09/2022,Retraite,Finance,Assistant de gestion
461,Knight,Mark,Femme,08/02/2022,27/11/2022,Retraite,Marketing,Responsable marketing
462,Bennett,Erica,Homme,04/11/2022,04/11/2022,Résiliation,RH,Assistant RH
463,Warren,Willie,Homme,12/03/2022,23/08/2022,Retraite,Ventes,Animateur SAV
464,Crane,Amy,Homme,19/02/2022,29/03/2022,Démission,Finance,Comptable
465,Murphy,Brian,Femme,04/08/2022,25/10/2022,Résiliation,Ventes,Responsable commercial
466,Jones,Catherine,Homme,23/08/2022,08/12/2022,Retraite,Marketing,Chef de projet marketing
467,Brown,Shannon,Femme,07/04/2022,18/10/2022,Retraite,Marketing,Chef de projet marketing
468,Wall,Michael,Femme,30/05/2022,22/10/2022,Mise à pied,Informatique,Data engineer
469,Randall,Madeline,Homme,23/12/2022,27/12/2022,Résiliation,RH,Responsable GPEC GEPP
470,Coleman,Monique,Femme,12/09/2022,28/09/2022,Retraite,Ventes,Chargé d’affaires
471,Stanley,Tara,Homme,19/12/2022,23/12/2022,Démission,Ventes,Animateur SAV
472,Cantu,Amber,Homme,13/02/2022,26/03/2022,Démission,Informatique,Administrateur système
473,Cabrera,Kelsey,Femme,05/05/2022,22/06/2022,Démission,Informatique,Administrateur réseaux
474,Wood,Carolyn,Femme,25/02/2022,22/04/2022,Mise à pied,Ventes,Gestionnaire CRM
475,Torres,Kara,Femme,12/07/2022,24/10/2022,Retraite,Marketing,Assistant marketing
476,Walsh,Manuel,Femme,03/03/2022,23/06/2022,Démission,Informatique,Webmaster
477,Mclaughlin,Alexandra,Femme,15/07/2022,18/10/2022,Retraite,Finance,Comptable
478,James,Scott,Homme,19/12/2022,25/12/2022,Mise à pied,Ventes,Chargé d’affaires
479,Franklin,Craig,Femme,24/01/2022,13/12/2022,Retraite,Marketing,Ingénieur packaging
480,Duran,Phillip,Homme,11/12/2022,14/12/2022,Retraite,RH,Responsable GPEC GEPP
481,Patterson,Jonathan,Femme,10/03/2022,09/06/2022,Mise à pied,Finance,Auditeur interne
482,Gray,Terri,Homme,12/01/2022,03/10/2022,Retraite,Marketing,Ingénieur packaging
483,Espinoza,Sandra,Homme,22/01/2022,19/07/2022,Retraite,Informatique,Data engineer
484,Marshall,Richard,Femme,21/04/2022,23/05/2022,Mise à pied,Ventes,Gestionnaire CRM
485,Rogers,Laura,Homme,28/07/2022,20/08/2022,Retraite,Finance,Contrôleur de gestion
486,Tucker,Susan,Homme,13/12/2022,16/12/2022,Retraite,Ventes,Animateur SAV
487,Pennington,James,Homme,03/05/2022,03/08/2022,Retraite,Finance,Comptable
488,Gonzales,Raymond,Homme,05/02/2022,28/03/2022,Démission,RH,Gestionnaire paie
489,Zamora,Candice,Homme,20/11/2022,20/11/2022,Mise à pied,Ventes,Assistant commercial
490,Williams,Jeffery,Femme,14/08/2022,05/09/2022,Retraite,RH,Assistant RH
491,Ford,Keith,Homme,11/05/2022,14/07/2022,Retraite,Ventes,Responsable commercial
492,Horton,Alfred,Homme,03/11/2022,06/11/2022,Résiliation,Informatique,Webmaster
493,Riddle,Ryan,Femme,25/04/2022,14/05/2022,Retraite,RH,Responsable GPEC GEPP
494,Rivera,Philip,Femme,27/07/2022,02/08/2022,Mise à pied,RH,Assistant RH
495,Benjamin,Stephanie,Homme,30/12/2022,30/12/2022,Retraite,Marketing,Responsable marketing
496,White,Laurie,Femme,22/10/2022,27/12/2022,Mise à pied,Ventes,Animateur SAV
497,Peterson,Dalton,Femme,02/09/2022,26/12/2022,Démission,Informatique,Responsable sécurité informatique
498,Ray,Steven,Femme,23/10/2022,23/12/2022,Résiliation,Marketing,Chef de projet marketing
499,Williams,Shawn,Femme,16/11/2022,25/12/2022,Résiliation,RH,Responsable GPEC GEPP
500,Harrell,Charlotte,Homme,27/03/2022,17/04/2022,Démission,RH,Gestionnaire paie
501,Cruz,Sarah,Homme,26/05/2022,26/11/2022,Mise à pied,Finance,Analyste financier
502,Boyd,Lisa,Femme,31/08/2022,08/11/2022,Résiliation,RH,Gestionnaire paie
503,Jackson,Lisa,Homme,30/03/2022,02/11/2022,Démission,Informatique,Administrateur système
504,Alvarez,Brianna,Femme,11/04/2022,30/11/2022,Résiliation,Ventes,Responsable commercial
505,Rice,Amanda,Homme,06/08/2022,11/10/2022,Résiliation,Finance,Auditeur interne
506,Cruz,Michele,Femme,23/11/2022,24/12/2022,Mise à pied,Ventes,Assistant commercial
507,Ruiz,Jasmine,Femme,27/10/2022,22/12/2022,Résiliation,RH,Responsable GPEC GEPP
508,Brown,Julie,Femme,17/08/2022,08/12/2022,Retraite,Finance,Auditeur interne
509,Schmidt,Mary,Homme,28/10/2022,08/11/2022,Résiliation,Marketing,Chef de projet marketing
510,Butler,Daniel,Homme,04/05/2022,31/05/2022,Démission,Informatique,Webmaster
511,Brown,Lisa,Femme,04/09/2022,30/09/2022,Retraite,RH,Contrôleur de gestion sociale
512,Diaz,Kayla,Homme,05/05/2022,26/10/2022,Démission,RH,Responsable GPEC GEPP
513,Mckinney,Elizabeth,Homme,22/06/2022,21/08/2022,Démission,Marketing,Category manager
514,Juarez,Joseph,Homme,09/02/2022,30/12/2022,Mise à pied,Marketing,Chef de projet marketing
515,Cooper,David,Homme,02/11/2022,05/11/2022,Retraite,Informatique,Webmaster
516,Jones,Brenda,Femme,25/09/2022,29/10/2022,Résiliation,RH,Contrôleur de gestion sociale
517,Garrett,Christopher,Femme,04/09/2022,17/10/2022,Mise à pied,Marketing,Assistant marketing
518,Lewis,Amanda,Femme,16/06/2022,09/08/2022,Démission,Ventes,Gestionnaire CRM
519,Simpson,Jessica,Homme,26/09/2022,28/09/2022,Démission,Finance,Analyste financier
520,Santiago,Gregory,Femme,14/03/2022,15/09/2022,Mise à pied,Marketing,Category manager
521,Bryan,Donald,Femme,08/12/2022,16/12/2022,Mise à pied,Marketing,Assistant marketing
522,Kline,Carrie,Femme,02/06/2022,25/11/2022,Retraite,Informatique,Administrateur réseaux
523,Murray,Lisa,Homme,16/10/2022,10/12/2022,Démission,Marketing,Responsable marketing
524,Castillo,Carrie,Homme,16/02/2022,16/10/2022,Résiliation,Finance,Auditeur interne
525,Adams,Matthew,Homme,14/05/2022,11/12/2022,Mise à pied,Ventes,Responsable commercial
526,Lozano,Chris,Femme,23/01/2022,08/05/2022,Démission,Finance,Analyste financier
527,Jacobson,Tara,Femme,08/09/2022,09/11/2022,Retraite,RH,Responsable GPEC GEPP
528,Wilson,Nathaniel,Homme,16/02/2022,10/06/2022,Démission,Finance,Comptable
529,Jones,Patricia,Homme,29/09/2022,02/12/2022,Retraite,RH,Assistant RH
530,Griffin,Nicole,Homme,20/11/2022,01/12/2022,Résiliation,Finance,Assistant de gestion
531,Lopez,David,Homme,28/12/2022,28/12/2022,Résiliation,Marketing,Responsable marketing
532,Welch,Samuel,Homme,27/03/2022,07/12/2022,Mise à pied,RH,Gestionnaire paie
533,Palmer,Gregory,Homme,09/05/2022,04/10/2022,Mise à pied,Finance,Auditeur interne
534,Johnston,Alyssa,Femme,01/10/2022,27/11/2022,Retraite,RH,Contrôleur de gestion sociale
535,Cox,Joseph,Femme,03/10/2022,14/12/2022,Mise à pied,RH,Assistant RH
536,Walker,Dominique,Homme,24/08/2022,13/10/2022,Retraite,Finance,Auditeur interne
537,Heath,Linda,Femme,30/08/2022,29/10/2022,Démission,Ventes,Chargé d’affaires
538,Clarke,Deborah,Femme,27/04/2022,13/09/2022,Mise à pied,Informatique,Responsable sécurité informatique
539,Bartlett,Ashley,Homme,26/09/2022,22/12/2022,Démission,RH,Responsable SIRH
540,White,Katrina,Homme,29/01/2022,10/02/2022,Mise à pied,RH,Responsable GPEC GEPP
541,Levy,Calvin,Femme,13/02/2022,25/03/2022,Retraite,RH,Assistant RH
542,Christensen,Richard,Homme,19/12/2022,23/12/2022,Mise à pied,Ventes,Responsable commercial
543,Rodriguez,Alex,Femme,09/06/2022,03/12/2022,Mise à pied,Ventes,Gestionnaire CRM
544,Perez,Jenna,Homme,03/02/2022,01/11/2022,Mise à pied,Ventes,Responsable commercial
545,Morton,Rebecca,Femme,04/06/2022,12/11/2022,Résiliation,Ventes,Chargé d’affaires
546,Thomas,Bonnie,Homme,19/12/2022,27/12/2022,Démission,Ventes,Responsable commercial
547,Zimmerman,Aaron,Femme,29/10/2022,02/12/2022,Résiliation,Ventes,Animateur SAV
548,Brooks,Paul,Femme,29/06/2022,26/09/2022,Démission,Marketing,Category manager
549,Parker,Renee,Homme,09/04/2022,22/08/2022,Démission,Ventes,Gestionnaire CRM
550,Hernandez,William,Femme,20/04/2022,26/05/2022,Démission,RH,Responsable GPEC GEPP
551,Herrera,Lindsey,Homme,28/10/2022,17/12/2022,Démission,Finance,Auditeur interne
552,Brown,Richard,Homme,22/07/2022,22/11/2022,Démission,RH,Contrôleur de gestion sociale
553,Carpenter,Kimberly,Femme,20/02/2022,14/06/2022,Résiliation,Ventes,Chargé d’affaires
554,Escobar,Emily,Femme,22/11/2022,01/12/2022,Retraite,RH,Assistant RH
555,Gibbs,Sherry,Homme,03/02/2022,14/11/2022,Retraite,Ventes,Animateur SAV
556,Yu,Kyle,Homme,07/07/2022,12/09/2022,Résiliation,Finance,Analyste financier
557,Harris,Madison,Femme,02/06/2022,09/08/2022,Retraite,Informatique,Webmaster
558,Nguyen,Richard,Homme,20/03/2022,18/10/2022,Retraite,Informatique,Webmaster
559,Johnson,Brian,Homme,14/06/2022,05/08/2022,Résiliation,Informatique,Responsable sécurité informatique
560,Silva,Andrew,Femme,03/09/2022,07/11/2022,Retraite,Finance,Contrôleur de gestion
561,Cannon,Kylie,Homme,30/03/2022,07/12/2022,Retraite,RH,Responsable GPEC GEPP
562,Dixon,Kevin,Homme,26/10/2022,27/12/2022,Résiliation,Marketing,Chef de projet marketing
563,Curry,Ashley,Homme,14/05/2022,14/05/2022,Résiliation,Marketing,Category manager
564,Smith,Jonathan,Homme,06/04/2022,03/11/2022,Retraite,RH,Contrôleur de gestion sociale
565,Jones,Juan,Homme,27/09/2022,18/10/2022,Résiliation,Informatique,Webmaster
566,Zimmerman,Tina,Femme,26/05/2022,24/12/2022,Résiliation,Informatique,Data engineer
567,Schwartz,Barbara,Homme,11/09/2022,30/11/2022,Retraite,RH,Responsable SIRH
568,Holland,Jasmine,Homme,12/07/2022,02/12/2022,Retraite,Finance,Analyste financier
569,Wilson,Richard,Femme,04/10/2022,18/11/2022,Résiliation,Informatique,Responsable sécurité informatique
570,Ruiz,Regina,Homme,04/05/2022,08/11/2022,Résiliation,RH,Contrôleur de gestion sociale
571,Burton,Keith,Homme,09/02/2022,26/02/2022,Retraite,RH,Assistant RH
572,Thomas,Megan,Homme,27/06/2022,17/11/2022,Démission,Informatique,Administrateur système
573,Bowen,Amanda,Homme,18/02/2022,28/08/2022,Mise à pied,Marketing,Chef de projet marketing
574,Chang,David,Homme,05/11/2022,13/11/2022,Résiliation,Marketing,Ingénieur packaging
575,Burgess,Mary,Homme,29/10/2022,24/12/2022,Démission,RH,Contrôleur de gestion sociale
576,Miller,Allison,Homme,26/11/2022,24/12/2022,Mise à pied,RH,Contrôleur de gestion sociale
577,Schmitt,Rebecca,Femme,28/03/2022,02/06/2022,Démission,Informatique,Administrateur système
578,Sanders,Christine,Femme,16/07/2022,19/11/2022,Retraite,Ventes,Chargé d’affaires
579,Myers,William,Homme,09/01/2022,24/02/2022,Retraite,RH,Gestionnaire paie
580,Coffey,Amy,Femme,18/03/2022,08/05/2022,Résiliation,Informatique,Webmaster
581,Moses,Amanda,Femme,12/01/2022,09/07/2022,Mise à pied,RH,Responsable SIRH
582,Long,Emily,Homme,20/06/2022,22/06/2022,Retraite,RH,Responsable GPEC GEPP
583,Shaffer,Benjamin,Femme,04/05/2022,27/05/2022,Résiliation,Marketing,Chef de projet marketing
584,Ford,Jennifer,Femme,23/11/2022,23/12/2022,Résiliation,Informatique,Administrateur réseaux
585,King,Laura,Homme,22/12/2022,26/12/2022,Résiliation,RH,Gestionnaire paie
586,Gonzalez,John,Femme,04/03/2022,25/11/2022,Retraite,Finance,Auditeur interne
587,Parks,Joyce,Homme,19/09/2022,13/10/2022,Démission,Marketing,Responsable marketing
588,Sheppard,Samuel,Homme,17/04/2022,06/12/2022,Mise à pied,Ventes,Animateur SAV
589,Johns,Jeffrey,Femme,24/06/2022,03/10/2022,Résiliation,Ventes,Chargé d’affaires
590,Brown,Erin,Femme,10/02/2022,25/11/2022,Mise à pied,Informatique,Administrateur réseaux
591,Bryant,Nicholas,Homme,11/06/2022,24/10/2022,Résiliation,Ventes,Assistant commercial
592,Larson,Casey,Femme,17/05/2022,07/06/2022,Démission,Ventes,Gestionnaire CRM
593,Schroeder,Michael,Femme,27/02/2022,12/12/2022,Démission,Ventes,Responsable commercial
594,Holden,Vickie,Homme,04/10/2022,28/12/2022,Résiliation,Finance,Contrôleur de gestion
595,King,Richard,Homme,18/09/2022,01/12/2022,Démission,Ventes,Gestionnaire CRM
596,Schultz,Susan,Femme,09/02/2022,12/06/2022,Résiliation,Ventes,Responsable commercial
597,Riley,Laura,Homme,28/07/2022,29/12/2022,Retraite,Marketing,Assistant marketing
598,Banks,Alexandra,Homme,30/06/2022,07/08/2022,Résiliation,Marketing,Chef de projet marketing
599,Walker,Jason,Femme,07/04/2022,13/04/2022,Retraite,Informatique,Data engineer
600,Zamora,Elizabeth,Femme,07/04/2022,02/10/2022,Mise à pied,Ventes,Responsable commercial
601,Fowler,Robin,Femme,08/05/2022,09/06/2022,Résiliation,RH,Assistant RH
602,Robbins,Randy,Femme,17/05/2022,30/05/2022,Mise à pied,Marketing,Ingénieur packaging
603,Best,Grace,Femme,07/03/2022,20/05/2022,Mise à pied,Marketing,Chef de projet marketing
604,Goodman,Marilyn,Homme,08/02/2022,15/10/2022,Démission,Ventes,Gestionnaire CRM
605,May,Matthew,Femme,05/07/2022,11/08/2022,Résiliation,Ventes,Responsable commercial
606,Munoz,Eric,Femme,26/04/2022,06/07/2022,Retraite,Finance,Auditeur interne
607,Smith,Brandon,Femme,11/12/2022,25/12/2022,Démission,RH,Gestionnaire paie
608,Calderon,Lisa,Femme,27/08/2022,07/11/2022,Retraite,Informatique,Data engineer
609,James,James,Homme,13/07/2022,09/11/2022,Résiliation,Ventes,Chargé d’affaires
610,Vazquez,Michael,Femme,23/06/2022,27/12/2022,Mise à pied,Ventes,Chargé d’affaires
611,Lewis,David,Homme,10/01/2022,23/06/2022,Retraite,Informatique,Administrateur réseaux
612,Cain,Anthony,Homme,25/11/2022,23/12/2022,Mise à pied,Ventes,Animateur SAV
613,Hart,Walter,Femme,07/01/2022,24/06/2022,Démission,Informatique,Data engineer
614,Coleman,Jessica,Femme,29/11/2022,14/12/2022,Mise à pied,RH,Gestionnaire paie
615,Griffin,Jacob,Homme,06/06/2022,14/07/2022,Résiliation,Informatique,Webmaster
616,Bruce,William,Homme,26/05/2022,07/12/2022,Retraite,Ventes,Animateur SAV
617,Larsen,Elizabeth,Femme,25/11/2022,23/12/2022,Résiliation,Ventes,Assistant commercial
618,Hinton,Nicole,Femme,11/01/2022,21/05/2022,Démission,RH,Gestionnaire paie
619,Medina,Jessica,Homme,20/05/2022,11/12/2022,Résiliation,RH,Responsable SIRH
620,Smith,Deborah,Homme,22/05/2022,25/12/2022,Résiliation,Ventes,Animateur SAV
621,Cooper,Marisa,Femme,08/10/2022,20/11/2022,Mise à pied,Marketing,Assistant marketing
622,Ford,Jose,Femme,18/01/2022,12/02/2022,Mise à pied,Ventes,Assistant commercial
623,Washington,Alexander,Femme,22/07/2022,28/12/2022,Retraite,Finance,Analyste financier
624,Shea,Tara,Homme,08/08/2022,16/09/2022,Démission,Ventes,Chargé d’affaires
625,Edwards,Vincent,Femme,02/08/2022,21/08/2022,Mise à pied,Informatique,Administrateur réseaux
626,Gardner,Lindsay,Femme,27/09/2022,04/10/2022,Mise à pied,Informatique,Administrateur système
627,Castillo,Paul,Homme,14/04/2022,20/04/2022,Mise à pied,Marketing,Responsable marketing
628,Walter,Michael,Femme,18/12/2022,22/12/2022,Retraite,Informatique,Webmaster
629,Ramirez,Sheri,Femme,22/10/2022,16/12/2022,Démission,Ventes,Assistant commercial
630,Torres,Ryan,Homme,06/01/2022,23/11/2022,Retraite,Informatique,Webmaster
631,Henderson,Kevin,Homme,19/08/2022,06/12/2022,Résiliation,Informatique,Administrateur réseaux
632,Anderson,Brandon,Homme,29/09/2022,25/10/2022,Mise à pied,RH,Responsable GPEC GEPP
633,Brown,Pamela,Homme,21/04/2022,23/08/2022,Mise à pied,Informatique,Administrateur réseaux
634,Anderson,Derrick,Homme,13/06/2022,22/12/2022,Résiliation,Marketing,Assistant marketing
635,Hill,Ashley,Homme,16/06/2022,28/07/2022,Mise à pied,Informatique,Administrateur système
636,Tate,Maria,Homme,08/08/2022,02/12/2022,Mise à pied,RH,Contrôleur de gestion sociale
637,Cline,Jessica,Femme,10/02/2022,08/05/2022,Démission,Marketing,Assistant marketing
638,Wallace,Jordan,Femme,28/03/2022,19/10/2022,Retraite,Finance,Contrôleur de gestion
639,Carter,Shelby,Homme,27/09/2022,23/11/2022,Retraite,Marketing,Ingénieur packaging
640,Villa,Laura,Homme,07/09/2022,15/11/2022,Résiliation,RH,Contrôleur de gestion sociale
641,Nguyen,Deborah,Femme,21/04/2022,19/12/2022,Démission,Informatique,Administrateur réseaux
642,Butler,Wendy,Femme,10/05/2022,28/12/2022,Mise à pied,Marketing,Chef de projet marketing
643,Rocha,Scott,Femme,04/03/2022,10/04/2022,Démission,RH,Gestionnaire paie
644,Stone,Charles,Femme,19/01/2022,13/08/2022,Démission,Marketing,Chef de projet marketing
645,Valencia,Raymond,Femme,30/10/2022,14/11/2022,Résiliation,Ventes,Gestionnaire CRM
646,Arnold,Vanessa,Femme,18/06/2022,19/06/2022,Mise à pied,Ventes,Responsable commercial
647,Evans,James,Homme,06/02/2022,19/09/2022,Mise à pied,Informatique,Responsable sécurité informatique
648,Savage,Walter,Femme,21/09/2022,18/12/2022,Démission,Ventes,Animateur SAV
649,Roberts,Audrey,Homme,02/08/2022,28/08/2022,Démission,Informatique,Administrateur système
650,Morgan,Nicholas,Homme,08/05/2022,19/06/2022,Démission,Ventes,Animateur SAV
651,Taylor,Nichole,Homme,12/12/2022,29/12/2022,Démission,Marketing,Ingénieur packaging
652,Taylor,Gloria,Homme,20/07/2022,18/10/2022,Mise à pied,Ventes,Chargé d’affaires
653,Smith,Sharon,Homme,26/05/2022,16/06/2022,Démission,Marketing,Category manager
654,Adams,Jodi,Femme,11/09/2022,12/12/2022,Retraite,Ventes,Chargé d’affaires
655,Anderson,Edwin,Femme,07/12/2022,24/12/2022,Mise à pied,RH,Responsable GPEC GEPP
656,Morse,Robert,Homme,04/07/2022,23/09/2022,Mise à pied,Marketing,Chef de projet marketing
657,Delgado,Sherry,Femme,08/03/2022,23/08/2022,Démission,Finance,Auditeur interne
658,Wiggins,Jennifer,Homme,24/03/2022,17/11/2022,Résiliation,RH,Assistant RH
659,Turner,Derek,Homme,05/07/2022,04/12/2022,Démission,Ventes,Responsable commercial
660,Singleton,Janet,Homme,11/08/2022,04/09/2022,Mise à pied,Marketing,Ingénieur packaging
661,Duke,James,Femme,14/06/2022,13/08/2022,Démission,Marketing,Assistant marketing
662,Ortiz,Veronica,Homme,18/01/2022,25/11/2022,Résiliation,RH,Assistant RH
663,Miller,Sarah,Femme,12/11/2022,30/12/2022,Retraite,Marketing,Chef de projet marketing
664,Romero,Steven,Femme,07/08/2022,11/12/2022,Mise à pied,Marketing,Assistant marketing
665,Kelly,Zachary,Femme,06/11/2022,11/11/2022,Retraite,Marketing,Responsable marketing
666,Spears,Hannah,Femme,21/07/2022,26/10/2022,Démission,Marketing,Assistant marketing
667,Brown,Elizabeth,Femme,12/02/2022,15/11/2022,Résiliation,Ventes,Gestionnaire CRM
668,Johnston,Cory,Femme,17/12/2022,22/12/2022,Résiliation,Informatique,Administrateur système
669,Frank,Michael,Femme,02/12/2022,19/12/2022,Démission,Finance,Analyste financier
670,Garrison,Kristina,Homme,18/01/2022,19/08/2022,Résiliation,Ventes,Responsable commercial
671,Harmon,Lauren,Femme,12/03/2022,19/04/2022,Démission,Ventes,Chargé d’affaires
672,Nelson,Mark,Homme,28/01/2022,21/03/2022,Résiliation,Marketing,Category manager
673,Morris,Jeremy,Femme,08/07/2022,04/08/2022,Retraite,Ventes,Animateur SAV
674,Byrd,Joel,Femme,11/10/2022,17/11/2022,Mise à pied,Finance,Contrôleur de gestion
675,Massey,Tracy,Femme,26/08/2022,08/12/2022,Mise à pied,Finance,Contrôleur de gestion
676,Brown,Lauren,Homme,17/09/2022,15/11/2022,Mise à pied,Informatique,Webmaster
677,Evans,Joseph,Homme,25/04/2022,30/11/2022,Retraite,Ventes,Assistant commercial
678,Armstrong,Abigail,Femme,17/08/2022,18/11/2022,Retraite,Finance,Auditeur interne
679,Nelson,Sarah,Femme,16/10/2022,25/11/2022,Résiliation,RH,Responsable SIRH
680,Hayes,Lee,Homme,30/01/2022,07/08/2022,Retraite,Informatique,Responsable sécurité informatique
681,Sexton,David,Homme,08/03/2022,25/11/2022,Mise à pied,Informatique,Webmaster
682,Pruitt,Jack,Femme,19/03/2022,14/10/2022,Résiliation,RH,Contrôleur de gestion sociale
683,Johnson,Nancy,Homme,22/02/2022,26/06/2022,Résiliation,Informatique,Administrateur réseaux
684,Peterson,Margaret,Homme,11/12/2022,14/12/2022,Démission,RH,Gestionnaire paie
685,Moore,Patricia,Femme,30/10/2022,26/11/2022,Résiliation,Informatique,Data engineer
686,Hobbs,Kevin,Femme,26/09/2022,17/11/2022,Résiliation,Marketing,Responsable marketing
687,Richardson,Jay,Femme,23/11/2022,06/12/2022,Démission,Informatique,Administrateur réseaux
688,Reed,Brooke,Femme,15/10/2022,21/11/2022,Retraite,Finance,Auditeur interne
689,Wise,Kimberly,Femme,23/06/2022,11/10/2022,Démission,Finance,Auditeur interne
690,Mann,Gina,Homme,01/02/2022,25/12/2022,Démission,Finance,Comptable
691,Ryan,Gloria,Homme,29/04/2022,28/09/2022,Résiliation,Finance,Auditeur interne
692,Thompson,Sean,Femme,10/05/2022,15/07/2022,Mise à pied,Finance,Auditeur interne
693,Rivera,Eric,Homme,03/02/2022,08/08/2022,Mise à pied,Marketing,Responsable marketing
694,Gonzalez,Louis,Homme,07/07/2022,22/07/2022,Démission,Marketing,Ingénieur packaging
695,Wagner,Laurie,Femme,26/06/2022,19/12/2022,Mise à pied,Ventes,Gestionnaire CRM
696,Reed,Robert,Femme,28/02/2022,08/09/2022,Résiliation,Informatique,Data engineer
697,Smith,Tammy,Femme,19/09/2022,16/12/2022,Retraite,Marketing,Responsable marketing
698,Gray,Bradley,Homme,15/09/2022,02/12/2022,Mise à pied,RH,Assistant RH
699,Houston,Billy,Femme,30/03/2022,23/04/2022,Résiliation,Informatique,Data engineer
700,Wood,John,Homme,12/03/2022,19/05/2022,Retraite,RH,Assistant RH
701,Padilla,Dennis,Femme,25/10/2022,24/12/2022,Retraite,Marketing,Responsable marketing
702,Riddle,Steven,Homme,31/07/2022,30/09/2022,Résiliation,Ventes,Responsable commercial
703,Fletcher,Miguel,Femme,30/03/2022,11/09/2022,Retraite,RH,Gestionnaire paie
704,Martin,Samantha,Homme,12/10/2022,01/11/2022,Retraite,Marketing,Category manager
705,Mueller,Donna,Femme,30/03/2022,29/10/2022,Démission,Marketing,Chef de projet marketing
706,Fisher,John,Femme,06/06/2022,11/12/2022,Démission,Informatique,Webmaster
707,Johnson,Wanda,Homme,05/10/2022,27/10/2022,Mise à pied,Informatique,Administrateur système
708,Jones,Dennis,Femme,19/04/2022,06/09/2022,Retraite,RH,Responsable GPEC GEPP
709,Lee,Kyle,Homme,13/09/2022,12/11/2022,Démission,Informatique,Data engineer
710,Payne,Christopher,Femme,28/09/2022,06/12/2022,Mise à pied,Ventes,Chargé d’affaires
711,Deleon,Tim,Femme,23/08/2022,04/11/2022,Retraite,Informatique,Administrateur réseaux
712,Thompson,Kathryn,Homme,22/05/2022,10/10/2022,Retraite,Marketing,Responsable marketing
713,Boyer,Morgan,Homme,01/04/2022,08/04/2022,Mise à pied,RH,Gestionnaire paie
714,Brooks,Johnathan,Homme,23/11/2022,15/12/2022,Démission,Marketing,Chef de projet marketing
715,Hurley,Katherine,Femme,28/03/2022,13/09/2022,Démission,Informatique,Data engineer
716,Gordon,Mariah,Homme,18/11/2022,19/11/2022,Retraite,Finance,Comptable
717,Boyer,Lauren,Femme,21/02/2022,02/08/2022,Démission,RH,Gestionnaire paie
718,Williams,Tamara,Homme,07/02/2022,26/03/2022,Résiliation,RH,Gestionnaire paie
719,Johnson,Jordan,Homme,02/08/2022,12/12/2022,Résiliation,Marketing,Ingénieur packaging
720,Adams,Jessica,Homme,17/11/2022,16/12/2022,Retraite,Ventes,Responsable commercial
721,Campbell,Paula,Homme,30/01/2022,28/11/2022,Retraite,Ventes,Assistant commercial
722,Collier,Patricia,Femme,27/03/2022,15/10/2022,Démission,RH,Assistant RH
723,Taylor,Emma,Femme,06/01/2022,03/02/2022,Mise à pied,Ventes,Gestionnaire CRM
724,George,Gerald,Homme,04/12/2022,28/12/2022,Retraite,Finance,Comptable
725,Baker,Eric,Homme,17/02/2022,04/11/2022,Résiliation,Ventes,Chargé d’affaires
726,Hernandez,Jacob,Femme,15/03/2022,15/08/2022,Démission,Ventes,Gestionnaire CRM
727,Oliver,Charles,Femme,28/05/2022,21/11/2022,Retraite,Informatique,Webmaster
728,Horn,Rachel,Homme,21/10/2022,29/12/2022,Résiliation,Marketing,Responsable marketing
729,Grimes,Megan,Homme,02/08/2022,16/08/2022,Résiliation,Informatique,Responsable sécurité informatique
730,Harper,Elizabeth,Femme,15/06/2022,14/10/2022,Mise à pied,Finance,Contrôleur de gestion
731,Goodman,Jamie,Femme,30/06/2022,08/11/2022,Mise à pied,Informatique,Responsable sécurité informatique
732,Villanueva,David,Homme,30/07/2022,27/12/2022,Mise à pied,RH,Contrôleur de gestion sociale
733,Carlson,Eric,Femme,27/11/2022,03/12/2022,Démission,Finance,Contrôleur de gestion
734,Ramos,Michael,Homme,27/03/2022,16/06/2022,Résiliation,Finance,Assistant de gestion
735,Boyer,Mary,Homme,16/04/2022,22/05/2022,Démission,Finance,Comptable
736,Schroeder,Carlos,Homme,03/12/2022,22/12/2022,Résiliation,Marketing,Ingénieur packaging
737,Maldonado,Bobby,Femme,20/01/2022,13/04/2022,Démission,RH,Gestionnaire paie
738,Lawrence,Elizabeth,Femme,12/06/2022,04/08/2022,Mise à pied,Marketing,Ingénieur packaging
739,Beard,Sherri,Homme,26/03/2022,05/10/2022,Résiliation,Marketing,Ingénieur packaging
740,Moore,Robert,Homme,04/02/2022,03/10/2022,Démission,RH,Responsable GPEC GEPP
741,Miller,Holly,Homme,18/07/2022,01/09/2022,Résiliation,Ventes,Gestionnaire CRM
742,Walters,Jesse,Femme,19/05/2022,09/08/2022,Mise à pied,Marketing,Assistant marketing
743,Walker,Sarah,Homme,25/03/2022,15/09/2022,Résiliation,Informatique,Administrateur système
744,Young,Jamie,Femme,28/01/2022,06/04/2022,Démission,Marketing,Chef de projet marketing
745,Mccarty,Michael,Homme,24/03/2022,07/07/2022,Résiliation,Finance,Analyste financier
746,Oneill,Joanna,Femme,14/01/2022,09/10/2022,Résiliation,Informatique,Administrateur réseaux
747,Wade,Jose,Femme,21/02/2022,23/10/2022,Retraite,RH,Responsable GPEC GEPP
748,Cobb,Wendy,Homme,14/08/2022,26/11/2022,Démission,RH,Assistant RH
749,Collins,Jenna,Femme,16/04/2022,14/10/2022,Résiliation,Finance,Assistant de gestion
750,Alvarez,Kathryn,Femme,09/12/2022,12/12/2022,Retraite,Finance,Assistant de gestion
751,Chen,Paul,Homme,27/08/2022,06/10/2022,Mise à pied,Marketing,Responsable marketing
752,Williams,Megan,Femme,02/06/2022,14/12/2022,Retraite,Ventes,Responsable commercial
753,Wright,Daniel,Femme,13/08/2022,13/11/2022,Mise à pied,Finance,Assistant de gestion
754,Rodriguez,Jill,Homme,17/04/2022,08/09/2022,Démission,RH,Contrôleur de gestion sociale
755,Miles,Daniel,Homme,29/05/2022,26/07/2022,Retraite,Informatique,Administrateur système
756,Hartman,Kristen,Homme,06/12/2022,10/12/2022,Retraite,Informatique,Webmaster
757,Meyer,Amy,Homme,27/01/2022,11/09/2022,Démission,Informatique,Responsable sécurité informatique
758,Valdez,Donald,Homme,17/12/2022,19/12/2022,Mise à pied,Informatique,Data engineer
759,Avery,Brittany,Homme,30/05/2022,20/06/2022,Retraite,Informatique,Webmaster
760,Wade,Mary,Homme,29/04/2022,21/06/2022,Démission,RH,Gestionnaire paie
761,Hoffman,Matthew,Homme,26/06/2022,19/09/2022,Démission,RH,Gestionnaire paie
762,Brown,Scott,Femme,27/07/2022,15/09/2022,Mise à pied,Marketing,Responsable marketing
763,Francis,Zachary,Femme,14/12/2022,30/12/2022,Mise à pied,Finance,Assistant de gestion
764,Peters,Keith,Femme,04/06/2022,10/09/2022,Démission,Ventes,Assistant commercial
765,Roberts,Michael,Femme,24/09/2022,01/12/2022,Retraite,Informatique,Administrateur réseaux
766,Torres,Christopher,Homme,20/05/2022,30/07/2022,Retraite,Ventes,Chargé d’affaires
767,Rhodes,Kristin,Femme,02/08/2022,10/11/2022,Démission,Ventes,Assistant commercial
768,Reese,Angela,Femme,22/01/2022,21/08/2022,Démission,Finance,Assistant de gestion
769,Kennedy,Bryan,Homme,05/08/2022,16/11/2022,Mise à pied,RH,Responsable GPEC GEPP
770,Ferguson,Connie,Femme,03/09/2022,19/09/2022,Démission,Finance,Comptable
771,Rodriguez,Amy,Femme,16/06/2022,31/07/2022,Résiliation,Finance,Assistant de gestion
772,Holt,James,Femme,19/08/2022,11/12/2022,Mise à pied,Marketing,Assistant marketing
773,Smith,Brian,Homme,25/01/2022,03/12/2022,Démission,RH,Contrôleur de gestion sociale
774,Thompson,Mary,Homme,18/04/2022,06/09/2022,Résiliation,Marketing,Category manager
775,Williams,Michelle,Homme,21/12/2022,23/12/2022,Résiliation,RH,Responsable GPEC GEPP
776,Hall,Jennifer,Homme,27/11/2022,17/12/2022,Retraite,Marketing,Assistant marketing
777,Davis,Ian,Femme,12/11/2022,17/11/2022,Résiliation,Ventes,Gestionnaire CRM
778,Johnson,Kevin,Femme,16/03/2022,23/08/2022,Démission,Informatique,Administrateur système
779,Berry,Christina,Femme,19/08/2022,31/08/2022,Retraite,Finance,Comptable
780,Mcgee,Steven,Homme,13/08/2022,09/10/2022,Retraite,Marketing,Chef de projet marketing
781,Hall,Briana,Homme,30/01/2022,15/08/2022,Mise à pied,Finance,Analyste financier
782,Graham,Kevin,Femme,29/01/2022,26/10/2022,Retraite,Finance,Analyste financier
783,Nelson,Jocelyn,Femme,06/02/2022,06/05/2022,Démission,RH,Responsable SIRH
784,Hudson,Luis,Femme,15/04/2022,01/07/2022,Démission,Informatique,Administrateur système
785,Rodriguez,John,Homme,23/09/2022,30/12/2022,Résiliation,Marketing,Assistant marketing
786,Robinson,Walter,Homme,03/04/2022,20/07/2022,Mise à pied,RH,Assistant RH
787,Reynolds,Roberto,Femme,24/02/2022,05/12/2022,Mise à pied,Informatique,Administrateur système
788,Zimmerman,Howard,Femme,16/07/2022,15/09/2022,Démission,Marketing,Ingénieur packaging
789,Cowan,Jennifer,Homme,16/11/2022,18/11/2022,Retraite,Marketing,Ingénieur packaging
790,Campbell,Marissa,Femme,19/11/2022,08/12/2022,Résiliation,Informatique,Data engineer
791,Rosales,David,Homme,17/07/2022,14/08/2022,Retraite,RH,Responsable GPEC GEPP
792,Vazquez,Nicolas,Femme,29/03/2022,12/06/2022,Mise à pied,Informatique,Administrateur système
793,Stewart,Ryan,Femme,03/09/2022,29/09/2022,Mise à pied,Marketing,Ingénieur packaging
794,Bush,Danielle,Homme,08/08/2022,20/08/2022,Résiliation,Marketing,Category manager
795,Jackson,Brett,Homme,23/01/2022,19/03/2022,Démission,Marketing,Assistant marketing
796,Clark,Frank,Femme,04/04/2022,11/08/2022,Retraite,RH,Gestionnaire paie
797,Freeman,Suzanne,Femme,08/04/2022,02/07/2022,Retraite,Marketing,Chef de projet marketing
798,Wright,James,Femme,21/02/2022,21/04/2022,Retraite,RH,Responsable GPEC GEPP
799,Coleman,Michael,Femme,09/04/2022,22/07/2022,Démission,Ventes,Gestionnaire CRM
800,Ellison,Rachel,Femme,03/07/2022,07/12/2022,Résiliation,Informatique,Data engineer
801,Armstrong,Robin,Homme,10/03/2022,05/11/2022,Démission,Ventes,Animateur SAV
802,Ritter,Christopher,Homme,05/03/2022,01/10/2022,Démission,Informatique,Webmaster
803,Wagner,Erik,Homme,11/01/2022,22/03/2022,Résiliation,RH,Contrôleur de gestion sociale
804,Walsh,Shannon,Homme,20/04/2022,05/10/2022,Mise à pied,Ventes,Gestionnaire CRM
805,James,Joseph,Homme,11/09/2022,24/11/2022,Mise à pied,Finance,Analyste financier
806,Patterson,Richard,Homme,12/12/2022,16/12/2022,Démission,RH,Assistant RH
807,Wilson,Leah,Femme,26/07/2022,31/08/2022,Résiliation,Finance,Auditeur interne
808,Li,Teresa,Homme,19/05/2022,15/07/2022,Mise à pied,Ventes,Assistant commercial
809,Garner,Spencer,Femme,26/12/2022,28/12/2022,Mise à pied,Ventes,Chargé d’affaires
810,Love,Whitney,Femme,05/08/2022,06/11/2022,Démission,RH,Contrôleur de gestion sociale
811,Foster,Ann,Femme,01/01/2022,24/06/2022,Mise à pied,Informatique,Responsable sécurité informatique
812,Mcdonald,Matthew,Homme,06/02/2022,06/09/2022,Démission,Informatique,Administrateur réseaux
813,Estrada,Pamela,Homme,07/10/2022,17/11/2022,Démission,Marketing,Category manager
814,Richardson,Renee,Femme,10/06/2022,02/11/2022,Résiliation,Ventes,Responsable commercial
815,Pruitt,Catherine,Femme,11/11/2022,15/12/2022,Mise à pied,Ventes,Assistant commercial
816,Hunter,Jesus,Femme,23/05/2022,16/12/2022,Retraite,Finance,Auditeur interne
817,Smith,James,Homme,13/08/2022,26/09/2022,Démission,Marketing,Ingénieur packaging
818,Miranda,Evan,Homme,15/03/2022,18/11/2022,Résiliation,Marketing,Assistant marketing
819,Pacheco,Jared,Femme,06/03/2022,17/04/2022,Résiliation,Marketing,Ingénieur packaging
820,Hill,Shane,Homme,27/11/2022,08/12/2022,Retraite,Ventes,Gestionnaire CRM
821,Rodgers,Monica,Homme,08/06/2022,24/10/2022,Démission,RH,Responsable GPEC GEPP
822,Hamilton,Elizabeth,Homme,18/07/2022,05/12/2022,Démission,Marketing,Category manager
823,Knight,Richard,Homme,30/04/2022,05/08/2022,Mise à pied,Finance,Contrôleur de gestion
824,Mccoy,Bruce,Homme,25/12/2022,27/12/2022,Résiliation,Finance,Assistant de gestion
825,Gonzalez,Melissa,Femme,28/11/2022,03/12/2022,Démission,RH,Responsable GPEC GEPP
826,Kennedy,Joe,Homme,22/10/2022,04/12/2022,Démission,Informatique,Data engineer
827,Miller,Phillip,Femme,30/09/2022,29/10/2022,Mise à pied,Ventes,Responsable commercial
828,Carrillo,Lori,Femme,08/06/2022,12/12/2022,Résiliation,Informatique,Responsable sécurité informatique
829,Hall,Richard,Femme,08/05/2022,23/09/2022,Résiliation,Marketing,Category manager
830,Bradley,Monica,Femme,14/02/2022,17/12/2022,Retraite,RH,Responsable GPEC GEPP
831,Bradley,Kathryn,Femme,12/10/2022,27/12/2022,Résiliation,Marketing,Assistant marketing
832,Ho,Tonya,Femme,09/06/2022,05/09/2022,Mise à pied,Finance,Contrôleur de gestion
833,Murphy,Pam,Femme,13/07/2022,15/11/2022,Résiliation,RH,Contrôleur de gestion sociale
834,Warner,Kaylee,Homme,12/01/2022,30/09/2022,Résiliation,Informatique,Data engineer
835,Martin,Michael,Femme,02/10/2022,01/12/2022,Mise à pied,Ventes,Assistant commercial
836,Valenzuela,Ana,Homme,27/06/2022,23/08/2022,Mise à pied,Marketing,Assistant marketing
837,Figueroa,Terry,Homme,09/03/2022,02/09/2022,Démission,RH,Contrôleur de gestion sociale
838,Evans,Jennifer,Femme,04/03/2022,21/08/2022,Retraite,Informatique,Data engineer
839,Washington,Daniel,Femme,18/03/2022,07/05/2022,Résiliation,Finance,Auditeur interne
840,Ward,Jordan,Homme,24/12/2022,29/12/2022,Résiliation,RH,Responsable SIRH
841,Decker,Kristina,Femme,06/06/2022,23/08/2022,Résiliation,Informatique,Data engineer
842,Hoover,Karl,Femme,08/10/2022,24/10/2022,Résiliation,Marketing,Ingénieur packaging
843,Santos,Ana,Homme,23/07/2022,31/07/2022,Démission,RH,Assistant RH
844,Douglas,Sierra,Homme,08/01/2022,24/10/2022,Résiliation,Marketing,Assistant marketing
845,Lewis,Matthew,Homme,10/05/2022,22/12/2022,Résiliation,RH,Assistant RH
846,Malone,Brian,Homme,18/11/2022,05/12/2022,Démission,Ventes,Chargé d’affaires
847,Lee,David,Femme,02/10/2022,19/10/2022,Retraite,Finance,Comptable
848,Dalton,David,Homme,15/05/2022,28/08/2022,Mise à pied,Finance,Auditeur interne
849,Schaefer,Ashley,Homme,30/06/2022,09/09/2022,Démission,Ventes,Responsable commercial
850,Guzman,Sarah,Homme,08/10/2022,17/12/2022,Résiliation,Ventes,Gestionnaire CRM
851,Roth,Courtney,Homme,08/11/2022,08/12/2022,Mise à pied,RH,Assistant RH
852,Gonzales,Ashley,Femme,02/03/2022,11/10/2022,Mise à pied,Finance,Auditeur interne
853,Torres,Eric,Homme,18/06/2022,03/10/2022,Retraite,RH,Responsable GPEC GEPP
854,Galvan,William,Femme,14/09/2022,07/11/2022,Mise à pied,Informatique,Data engineer
855,Tyler,Joshua,Homme,23/02/2022,28/04/2022,Mise à pied,Marketing,Ingénieur packaging
856,Roberts,Paul,Femme,29/01/2022,19/12/2022,Retraite,RH,Contrôleur de gestion sociale
857,Williams,Valerie,Homme,22/01/2022,27/08/2022,Résiliation,Marketing,Responsable marketing
858,Mccullough,Carolyn,Femme,23/04/2022,10/10/2022,Résiliation,Finance,Comptable
859,Phillips,Katrina,Homme,07/12/2022,20/12/2022,Résiliation,Informatique,Webmaster
860,Harris,Sara,Homme,10/10/2022,07/12/2022,Résiliation,Finance,Assistant de gestion
861,Griffin,Miranda,Homme,11/03/2022,13/06/2022,Résiliation,Marketing,Category manager
862,Stanley,Sabrina,Homme,12/08/2022,21/11/2022,Résiliation,Informatique,Data engineer
863,Gordon,Christopher,Femme,17/12/2022,28/12/2022,Mise à pied,Ventes,Animateur SAV
864,Mullins,Jamie,Homme,14/10/2022,19/11/2022,Mise à pied,Informatique,Administrateur système
865,Walker,Jackie,Homme,27/12/2022,29/12/2022,Mise à pied,Finance,Assistant de gestion
866,Brady,Kiara,Femme,22/12/2022,26/12/2022,Résiliation,Finance,Contrôleur de gestion
867,Jones,Charles,Homme,18/06/2022,28/08/2022,Résiliation,RH,Responsable SIRH
868,Lynch,Shawn,Femme,02/04/2022,01/07/2022,Retraite,Informatique,Administrateur réseaux
869,Bryant,Ryan,Homme,24/08/2022,18/09/2022,Résiliation,Marketing,Chef de projet marketing
870,Smith,Vickie,Femme,03/05/2022,02/08/2022,Démission,Finance,Analyste financier
871,Jackson,Maureen,Homme,21/07/2022,16/09/2022,Retraite,Marketing,Category manager
872,Williams,Zachary,Femme,01/10/2022,17/10/2022,Retraite,Finance,Analyste financier
873,Mason,Ellen,Homme,28/01/2022,25/08/2022,Mise à pied,Ventes,Responsable commercial
874,King,Curtis,Femme,14/12/2022,24/12/2022,Démission,Finance,Analyste financier
875,Newton,Tracy,Homme,22/09/2022,19/11/2022,Retraite,Finance,Comptable
876,Woods,Danielle,Homme,06/08/2022,26/08/2022,Mise à pied,Marketing,Category manager
877,Hughes,Jennifer,Femme,11/10/2022,11/12/2022,Mise à pied,Finance,Contrôleur de gestion
878,Hatfield,Dominic,Homme,04/06/2022,11/09/2022,Résiliation,Finance,Auditeur interne
879,Lewis,Victoria,Femme,27/08/2022,04/09/2022,Démission,Marketing,Ingénieur packaging
880,Schwartz,Ricky,Homme,06/01/2022,19/06/2022,Démission,Finance,Assistant de gestion
881,Espinoza,Rachel,Femme,08/01/2022,03/06/2022,Résiliation,Informatique,Responsable sécurité informatique
882,Luna,Patricia,Femme,17/06/2022,27/07/2022,Résiliation,Finance,Assistant de gestion
883,Grimes,Kayla,Homme,31/07/2022,01/11/2022,Démission,Finance,Auditeur interne
884,Clarke,Virginia,Femme,17/06/2022,06/12/2022,Démission,RH,Responsable GPEC GEPP
885,Preston,Robert,Homme,17/07/2022,17/07/2022,Mise à pied,Ventes,Gestionnaire CRM
886,Mcdaniel,Kenneth,Femme,04/04/2022,10/07/2022,Mise à pied,Finance,Assistant de gestion
887,Stark,Darrell,Femme,10/01/2022,10/02/2022,Démission,Finance,Auditeur interne
888,Wright,Courtney,Femme,01/05/2022,27/11/2022,Démission,RH,Gestionnaire paie
889,Jensen,Gregory,Femme,17/10/2022,21/11/2022,Démission,RH,Responsable GPEC GEPP
890,Santiago,Carrie,Femme,21/07/2022,02/11/2022,Mise à pied,Finance,Comptable
891,Adams,Susan,Femme,21/03/2022,17/06/2022,Mise à pied,Marketing,Responsable marketing
892,Harding,Susan,Femme,30/10/2022,05/11/2022,Résiliation,Ventes,Responsable commercial
893,Smith,Wayne,Homme,17/11/2022,24/12/2022,Démission,Informatique,Responsable sécurité informatique
894,Anderson,Allison,Homme,19/05/2022,05/11/2022,Résiliation,RH,Gestionnaire paie
895,Snyder,Stacie,Femme,14/10/2022,08/11/2022,Démission,RH,Responsable SIRH
896,Ramirez,Maria,Femme,27/02/2022,01/09/2022,Mise à pied,Informatique,Administrateur réseaux
897,Wright,Mark,Homme,17/04/2022,04/10/2022,Mise à pied,RH,Contrôleur de gestion sociale
898,Rodriguez,John,Homme,07/04/2022,20/09/2022,Démission,Marketing,Chef de projet marketing
899,Harvey,Amy,Femme,11/07/2022,13/09/2022,Démission,RH,Contrôleur de gestion sociale
900,Martinez,Michael,Homme,28/06/2022,26/11/2022,Retraite,Informatique,Responsable sécurité informatique
901,Wallace,Lawrence,Homme,27/06/2022,19/07/2022,Retraite,Informatique,Administrateur système
902,Byrd,Blake,Femme,16/11/2022,10/12/2022,Résiliation,Finance,Analyste financier
903,Lee,Stephen,Homme,04/04/2022,28/09/2022,Résiliation,RH,Assistant RH
904,Schroeder,Elizabeth,Homme,07/03/2022,14/12/2022,Démission,Finance,Contrôleur de gestion
905,Garcia,Heather,Femme,18/11/2022,28/12/2022,Résiliation,Finance,Auditeur interne
906,Newman,Christopher,Homme,27/06/2022,28/11/2022,Mise à pied,RH,Responsable SIRH
907,Clark,Elizabeth,Homme,18/11/2022,30/12/2022,Retraite,Informatique,Webmaster
908,Gordon,Zoe,Femme,17/11/2022,15/12/2022,Mise à pied,Marketing,Assistant marketing
909,Green,Christina,Homme,19/10/2022,16/11/2022,Retraite,Ventes,Gestionnaire CRM
910,Marsh,Steven,Homme,16/05/2022,29/06/2022,Résiliation,Ventes,Assistant commercial
911,Valentine,Brian,Homme,19/11/2022,30/11/2022,Démission,Informatique,Responsable sécurité informatique
912,Brown,Natalie,Homme,11/12/2022,20/12/2022,Démission,RH,Assistant RH
913,Turner,Sandra,Homme,11/07/2022,13/09/2022,Résiliation,Ventes,Assistant commercial
914,Ford,Andrew,Femme,10/03/2022,31/05/2022,Mise à pied,Marketing,Category manager
915,Miller,Larry,Homme,23/12/2022,28/12/2022,Retraite,Finance,Auditeur interne
916,Brown,Wendy,Homme,18/02/2022,25/04/2022,Mise à pied,RH,Responsable GPEC GEPP
917,Guerrero,Samantha,Homme,19/07/2022,14/08/2022,Résiliation,Informatique,Data engineer
918,Beasley,Susan,Femme,23/01/2022,19/10/2022,Résiliation,Marketing,Ingénieur packaging
919,Davies,Maria,Homme,01/12/2022,17/12/2022,Retraite,Marketing,Ingénieur packaging
920,Norton,Paul,Homme,14/03/2022,18/12/2022,Mise à pied,Finance,Comptable
921,Johnson,Willie,Femme,24/10/2022,05/12/2022,Démission,Informatique,Administrateur réseaux
922,Andersen,Matthew,Femme,25/02/2022,24/11/2022,Démission,RH,Responsable GPEC GEPP
923,Ho,William,Homme,20/06/2022,27/08/2022,Mise à pied,RH,Responsable GPEC GEPP
924,Shaw,John,Homme,08/03/2022,14/10/2022,Retraite,Informatique,Webmaster
925,Clark,Cheryl,Homme,17/08/2022,04/10/2022,Retraite,Finance,Analyste financier
926,Schultz,Travis,Homme,08/07/2022,27/07/2022,Retraite,RH,Assistant RH
927,Simmons,Sheryl,Homme,10/06/2022,23/11/2022,Retraite,Informatique,Responsable sécurité informatique
928,Mcdaniel,Michelle,Homme,04/06/2022,20/11/2022,Mise à pied,Informatique,Data engineer
929,Spencer,Matthew,Femme,18/11/2022,28/11/2022,Retraite,Finance,Contrôleur de gestion
930,Short,Jason,Homme,12/08/2022,12/09/2022,Démission,Marketing,Category manager
931,Williamson,Henry,Homme,08/05/2022,12/11/2022,Retraite,RH,Contrôleur de gestion sociale
932,Mcguire,Jay,Homme,20/08/2022,14/11/2022,Démission,Finance,Contrôleur de gestion
933,Rodriguez,Nicholas,Femme,16/07/2022,23/08/2022,Démission,Marketing,Responsable marketing
934,Dickson,Charles,Femme,30/01/2022,14/11/2022,Mise à pied,Finance,Auditeur interne
935,Cummings,Jack,Homme,10/02/2022,20/05/2022,Résiliation,Informatique,Administrateur réseaux
936,Edwards,Susan,Homme,09/10/2022,13/10/2022,Retraite,Informatique,Administrateur réseaux
937,Maynard,Mary,Femme,18/10/2022,20/11/2022,Mise à pied,Marketing,Assistant marketing
938,Martinez,Franklin,Homme,31/05/2022,14/07/2022,Mise à pied,Marketing,Ingénieur packaging
939,Larson,Rachel,Homme,12/11/2022,02/12/2022,Retraite,Finance,Comptable
940,Livingston,Carl,Femme,22/08/2022,25/11/2022,Retraite,Informatique,Administrateur système
941,Hensley,Gabriel,Homme,21/05/2022,01/08/2022,Démission,Finance,Assistant de gestion
942,Chapman,Eric,Homme,14/09/2022,29/12/2022,Résiliation,RH,Responsable GPEC GEPP
943,Cole,Lisa,Homme,17/04/2022,25/05/2022,Résiliation,RH,Responsable GPEC GEPP
944,Hammond,Victoria,Femme,28/01/2022,11/02/2022,Résiliation,Marketing,Responsable marketing
945,Oneal,James,Homme,11/04/2022,14/08/2022,Démission,Informatique,Responsable sécurité informatique
946,Ibarra,Marc,Homme,09/04/2022,24/06/2022,Mise à pied,Finance,Contrôleur de gestion
947,Lee,Stephanie,Homme,22/06/2022,15/09/2022,Résiliation,Finance,Auditeur interne
948,Carter,Thomas,Femme,12/09/2022,19/11/2022,Mise à pied,Informatique,Data engineer
949,Dunlap,Deborah,Homme,04/03/2022,08/08/2022,Résiliation,Informatique,Data engineer
950,Nelson,Mary,Homme,06/10/2022,15/10/2022,Retraite,Informatique,Responsable sécurité informatique
951,Davis,Ronald,Femme,03/06/2022,16/12/2022,Démission,RH,Responsable SIRH
952,Hartman,Chad,Femme,20/05/2022,09/12/2022,Mise à pied,Finance,Contrôleur de gestion
953,Fry,Abigail,Homme,20/07/2022,05/10/2022,Mise à pied,Ventes,Chargé d’affaires
954,Brooks,Shane,Femme,26/11/2022,18/12/2022,Retraite,RH,Responsable GPEC GEPP
955,Lawson,Eric,Homme,04/10/2022,04/11/2022,Retraite,Ventes,Chargé d’affaires
956,Reyes,Rose,Femme,14/05/2022,24/10/2022,Résiliation,Informatique,Administrateur système
957,Anderson,Robert,Femme,23/06/2022,29/08/2022,Démission,Marketing,Assistant marketing
958,Heath,Stephen,Femme,28/12/2022,29/12/2022,Résiliation,Informatique,Data engineer
959,Walls,Madison,Homme,23/08/2022,07/12/2022,Résiliation,Finance,Auditeur interne
960,Strong,Dorothy,Homme,26/09/2022,09/10/2022,Démission,RH,Gestionnaire paie
961,Blair,Melissa,Homme,21/08/2022,27/10/2022,Mise à pied,Marketing,Responsable marketing
962,Ramirez,Brandy,Femme,26/11/2022,17/12/2022,Démission,Ventes,Gestionnaire CRM
963,Murphy,Michael,Homme,07/04/2022,11/09/2022,Résiliation,Marketing,Assistant marketing
964,Butler,Annette,Femme,26/06/2022,12/07/2022,Retraite,Informatique,Data engineer
965,Johnson,Sarah,Homme,11/05/2022,06/08/2022,Retraite,Finance,Assistant de gestion
966,Phillips,Bobby,Homme,29/10/2022,23/11/2022,Mise à pied,RH,Gestionnaire paie
967,Snyder,Kathryn,Femme,17/10/2022,28/12/2022,Retraite,Informatique,Administrateur réseaux
968,Fisher,Jeremy,Femme,27/08/2022,02/09/2022,Retraite,Marketing,Ingénieur packaging
969,Rivera,Melinda,Femme,19/08/2022,05/09/2022,Résiliation,Marketing,Assistant marketing
970,Davis,Laura,Homme,23/09/2022,04/12/2022,Retraite,Ventes,Animateur SAV
971,Peterson,Rodney,Femme,29/08/2022,01/09/2022,Résiliation,Ventes,Assistant commercial
972,Allison,Taylor,Homme,09/11/2022,17/12/2022,Résiliation,Marketing,Responsable marketing
973,Dennis,Amanda,Homme,10/03/2022,06/04/2022,Retraite,RH,Responsable SIRH
974,Gaines,Victor,Femme,30/06/2022,01/12/2022,Retraite,Ventes,Gestionnaire CRM
975,Pacheco,John,Homme,21/11/2022,06/12/2022,Résiliation,Marketing,Chef de projet marketing
976,Miller,Christopher,Femme,27/11/2022,29/11/2022,Retraite,Finance,Contrôleur de gestion
977,Thompson,Jo,Femme,11/01/2022,21/10/2022,Démission,Ventes,Chargé d’affaires
978,Juarez,Brenda,Homme,14/04/2022,15/09/2022,Mise à pied,Informatique,Administrateur système
979,Freeman,Raymond,Femme,08/12/2022,20/12/2022,Mise à pied,Marketing,Assistant marketing
980,Andrade,Debbie,Femme,27/06/2022,09/12/2022,Résiliation,Finance,Contrôleur de gestion
981,Vazquez,Carolyn,Homme,03/03/2022,24/06/2022,Mise à pied,Finance,Auditeur interne
982,Townsend,Joshua,Femme,12/04/2022,24/05/2022,Retraite,Marketing,Chef de projet marketing
983,Smith,Bruce,Homme,07/02/2022,15/11/2022,Démission,Informatique,Administrateur réseaux
984,Hicks,Danny,Femme,07/06/2022,10/07/2022,Mise à pied,Finance,Auditeur interne
985,Lee,Susan,Homme,01/05/2022,19/05/2022,Retraite,RH,Contrôleur de gestion sociale
986,Jimenez,Pamela,Homme,27/10/2022,28/12/2022,Démission,Marketing,Assistant marketing
987,Sullivan,Shannon,Femme,02/08/2022,13/12/2022,Résiliation,Marketing,Assistant marketing
988,Gamble,David,Femme,17/05/2022,10/06/2022,Démission,Ventes,Chargé d’affaires
989,Holloway,Rebecca,Homme,21/11/2022,21/11/2022,Démission,Ventes,Gestionnaire CRM
990,Richard,John,Femme,13/08/2022,29/09/2022,Démission,Informatique,Administrateur réseaux
991,Williams,Scott,Homme,23/09/2022,21/12/2022,Résiliation,Informatique,Data engineer
992,Gutierrez,Gregory,Femme,22/02/2022,30/03/2022,Mise à pied,Informatique,Responsable sécurité informatique
993,Berg,Amy,Femme,07/12/2022,13/12/2022,Mise à pied,Informatique,Responsable sécurité informatique
994,Alvarado,Jennifer,Homme,07/08/2022,01/10/2022,Mise à pied,RH,Assistant RH
995,Nunez,Elizabeth,Homme,06/03/2022,30/11/2022,Résiliation,Finance,Auditeur interne
996,Harrison,William,Femme,15/02/2022,21/06/2022,Mise à pied,Marketing,Chef de projet marketing
997,Green,Kenneth,Femme,20/04/2022,04/10/2022,Résiliation,Finance,Contrôleur de gestion
998,Garrison,Isaiah,Homme,26/04/2022,24/11/2022,Démission,Ventes,Chargé d’affaires
999,Stewart,Barbara,Homme,25/12/2022,29/12/2022,Résiliation,Marketing,Chef de projet marketing
1000,Schneider,Adam,Homme,18/04/2022,25/09/2022,Retraite,Marketing,Chef de projet marketing
